field,definition,allowed_values,value_meanings,blank_means,source
record_id,Unique row ID generated by this project.,free text (AOR/AOC plus five digits),,This field is not expected to be blank.,generated
ao_locus_tag,Current A. oryzae RIB40 locus tag selected by the ID-mapping step.,free text (AO090 plus nine digits) or blank,,No single current locus was independently verified.,fetched
liu_ao_locus_tag,Locus tag exactly as printed by Liu et al. 2014.,free text,,This field is not expected to be blank.,Liu 2014
liu_source_raw,"The four Liu Table S1 SOURCE cells in order, joined with pipes without changing cell text.",free text,,This field is not expected to be blank.,Liu 2014
liu_table_row,Table S1 physical workbook row.,free text (S1:n),,This field is not expected to be blank.,Liu 2014
gene_name,Current accepted A. oryzae gene symbol where available.,free text or blank,,No accepted short gene symbol was found; use ao_locus_tag instead.,fetched
function,Plain-English function selected from the Liu description or current annotation.,free text or blank,,Neither Liu nor the current annotation supplied a usable description.,generated
record_type,Row type retained so machinery genes cannot be silently mixed with other biological lists.,machinery_component,machinery_component = one gene from Liu's secretion-machinery list,This field is not expected to be blank.,generated
subsystem,Primary secretion-pathway stage used for table grouping and diagram placement.,tc | dolichol_pathway | er_glycosylation | folding | gpi_biosynthesis | erad | copii | copi | golgi_processing | ldsv | hdsv | cpy_pathway | alp_pathway | snare | septin | beta_1_6_glucan_biosynthesis | translation | putative_mitochondria_protein | mitochondrial_m_aaa_protease | blank,tc = entry into the secretion pathway; dolichol_pathway and er_glycosylation = N-glycan assembly/transfer; folding = protein folding; gpi_biosynthesis = GPI-anchor production; erad = ER quality-control degradation; copii = ER-to-Golgi transport; copi = Golgi-to-ER transport; golgi_processing = Golgi glycan processing; ldsv/hdsv = low/high-density secretory vesicles; cpy_pathway/alp_pathway = vacuolar sorting routes; snare = vesicle fusion; remaining values name specialized processes,Not enough evidence to choose one primary pathway stage; the gene remains in the atlas.,generated
subsystem_source,Main evidence route used to assign subsystem; see subsystem_rationale for the gene-specific explanation.,liu2014 | liu2014_description | yeast_scaffold | current_annotation | kegg_pathway | curated_liu_composite | aspergillus_homolog | unassigned,liu2014 = Liu supplied the stage directly; liu2014_description = inferred from Liu's description; yeast_scaffold = inferred through the yeast counterpart; current_annotation = inferred from a current database description; kegg_pathway = inferred from broad KEGG pathway membership; curated_liu_composite = manually reviewed agreement among several Liu clues; aspergillus_homolog = inferred from a related Aspergillus gene; unassigned = no route was strong enough,This field is not expected to be blank.,generated
subsystem_confidence,"Strength of support for the primary subsystem assignment, not confidence in the gene's general function or ID mapping.",high | medium | low,"high = stated directly by Liu or manually reviewed agreement among multiple specific sources; medium = one specific indirect source such as Liu's description, a unique yeast match, or a current annotation; low = only broad KEGG evidence or no defensible assignment",This field is not expected to be blank.,generated
subsystem_rationale,Short explanation for the primary subsystem assignment.,free text,,This field is not expected to be blank.,generated
secondary_subsystem,Reviewed additional pathway role retained on the same one-gene row.,subsystem value or blank,,No separate secondary role was reviewed and retained; this does not prove the gene has only one function.,generated
secondary_subsystem_rationale,Short explanation for the reviewed secondary pathway role.,free text or blank,,No secondary_subsystem was assigned.,generated
pathway_order,Number used only to place subsystem boxes in the pathway diagram.,numeric or blank,"Smaller numbers appear earlier in the diagram; the number is not a confidence score, rank, or biological priority.","No primary subsystem was assigned, so there is no diagram position.",generated
compartment,Controlled label for the gene product's main cellular location.,cytosol | ER | Golgi | vesicle | membrane | vacuole | extracellular | unknown,unknown = available evidence did not support one location; other values name the assigned location,This field is not expected to be blank.,generated
compartment_source,Evidence route used for the compartment label.,uniprot | uniprot_conflict | subsystem_inference | unassigned,"uniprot = one clear UniProt location; uniprot_conflict = UniProt listed conflicting or multiple locations, so compartment is unknown; subsystem_inference = inferred from the assigned pathway stage; unassigned = no usable location evidence",This field is not expected to be blank.,generated
compartment_confidence,Strength of support for the compartment label only.,high | medium | low,high = one clear UniProt location; medium = inferred from a pathway stage; low = conflicting or absent location evidence,This field is not expected to be blank.,generated
glycosylation_role,Specific sugar-modification process assigned to the gene.,n_glycan_assembly | n_glycan_transfer | n_glycan_trimming | golgi_mannosylation | o_glycosylation | gpi_anchor | none,n_glycan_assembly = build the precursor N-glycan; n_glycan_transfer = attach it to a protein; n_glycan_trimming = remove sugars during processing/quality control; golgi_mannosylation = add mannose in the Golgi; o_glycosylation = attach sugars through oxygen; gpi_anchor = build a GPI membrane anchor; none = no role assigned by this atlas,This field is not expected to be blank.,generated
glycosylation_role_source,Evidence route used for glycosylation_role.,liu2014 | liu2014_description | yeast_scaffold | current_annotation | kegg_pathway | kegg_ko | liu_description_or_current_annotation | curated_multi_source_evidence | blank,liu2014 = direct Liu pathway label; liu2014_description = Liu description; yeast_scaffold = matching yeast gene; current_annotation = current database description; kegg_pathway = broad KEGG pathway; kegg_ko = KEGG functional group; liu_description_or_current_annotation = one specific matching description; curated_multi_source_evidence = manually reviewed agreement among multiple sources,Blank because glycosylation_role is none; no source is claimed for an unassigned role.,generated
glycosylation_role_confidence,"Strength of support for glycosylation_role only, not general function confidence.",high | medium | low | blank,"high = direct Liu assignment or manually reviewed agreement among several specific sources; medium = one specific indirect route such as a description, yeast match, KEGG pathway, or KEGG functional group; low = reserved for weak assignments (none are present in this release)",Blank because glycosylation_role is none; an unassigned role receives no confidence score.,generated
sig_all_three,Whether all three Liu adjusted p-values are below 0.05.,true | false,true = statistically significant in all three high-secretion strains; false = at least one comparison was not significant,This field is not expected to be blank.,Liu 2014
direction_all_three,Shared expression direction when the gene is significant in all three comparisons.,up | down | blank,up = expression increased in all three strains; down = expression decreased in all three strains,"The gene was not significant in all three comparisons, or the three directions did not agree.",Liu 2014
record_origin,Publication or process that placed the gene row in the atlas.,liu2014 | post_2014_literature | new_orthology_inference,liu2014 = gene was in Liu's 369-gene list; post_2014_literature and new_orthology_inference are reserved for possible future expansion,This field is not expected to be blank.,generated
evidence_source,Broad type of evidence Liu used to include or support the gene; this is not the subsystem confidence score.,a_oryzae_experimental | a_oryzae_transcriptomic | aspergillus_homolog | yeast_inference | database_prediction | unknown,a_oryzae_experimental = direct experiment in A. oryzae; a_oryzae_transcriptomic = A. oryzae expression evidence; aspergillus_homolog = evidence from a related Aspergillus species; yeast_inference = inferred through a yeast counterpart; database_prediction = computational database prediction; unknown = source text could not be classified,This field is not expected to be blank.,generated
yeast_ortholog,S. cerevisiae counterpart exactly as recorded by Liu.,free text or blank,,Liu did not provide a yeast counterpart for this gene.,Liu 2014
citation,Liu 2014 DOI supporting every machinery record.,10.1186/1752-0509-8-73,,This field is not expected to be blank.,Liu 2014
mapping_status,Result of checking the 2014 gene ID against current database records.,exact | cross_reference | sequence | orthology | ambiguous | split | merged | unresolved,"exact = the same AO090 ID is current; cross_reference = linked by an authoritative database cross-reference; sequence = linked by sequence identity; orthology = only an evolutionary counterpart supports the link, not exact identity; ambiguous = more than one current candidate; split = one old gene became several models; merged = several old genes became one model; unresolved = no current gene was verified",This field is not expected to be blank.,generated
mapping_method,Specific route used to reach mapping_status.,direct_locus_tag | cross_reference | sequence | orthology | ambiguous | split | merged | unresolved,direct_locus_tag = exact AO090 text match; cross_reference = authoritative database link; sequence = sequence identity; orthology = evolutionary relationship only; ambiguous/split/merged/unresolved mirror the unresolved mapping outcome,This field is not expected to be blank.,generated
manual_review_required,Whether any automated mapping or annotation decision needs a person to inspect it.,true | false,"true = at least one mapping or annotation issue needs review; false = no review trigger was raised, not that every biological claim is experimentally proven",This field is not expected to be blank.,generated
uniprot_accession,Current UniProt protein-record identifier.,free text or blank,,No single UniProt record was found or selected; alternatives may remain in gene_id_mapping.csv.,fetched
kegg_gene_id,Current KEGG A. oryzae gene identifier.,free text (aor:AO090...) or blank,,No KEGG gene link was supplied or selected for this row.,fetched
kegg_ko,KEGG Orthology functional-group identifier supplied by KEGG.,free text (ko:Knnnnn) or blank,Genes sharing a KO are treated by KEGG as performing an equivalent broad function across species.,"KEGG did not supply a KO link; this is incomplete annotation, not evidence that the gene has no function.",fetched
ncbi_gene_id,Current NCBI Gene numeric identifier.,free text or blank,,No unambiguous NCBI Gene link was available from the retrieved cross-references.,fetched
