record_id,ao_locus_tag,gene_name,function,subsystem,subsystem_source,subsystem_confidence,subsystem_rationale,pathway_order,compartment,sig_all_three,direction_all_three,manual_review_required,secondary_subsystems,placement_status
AOR00001,AO090701000065,,Actin ActA: cell polarity,,unassigned,low,Available evidence does not distinguish a primary subsystem.,,cytosol,False,,False,,unassigned
AOR00002,AO090003001087,,Co-chaperone: activator of Hsp82,folding,liu2014_description,medium,Specific function stated in Liu 2014 description.,40.0,ER,False,,False,,assigned
AOR00003,AO090011000927,akr1,Palmitoyl transferase,,unassigned,low,Available evidence does not distinguish a primary subsystem.,,unknown,False,,False,,unassigned
AOR00004,AO090103000403,,Dolichol pathway,dolichol_pathway,liu2014,high,Verified Liu 2014 Table S1 subsystem.,20.0,unknown,False,,False,,assigned
AOR00005,AO090001000490,,"Dolichol pathway; Glycosylation/modification , Required for asparagine-linked glycosylation ",dolichol_pathway,liu2014,high,Verified Liu 2014 Table S1 subsystem.,20.0,unknown,False,,False,,assigned
AOR00006,AO090009000318,,Dolichol pathway,dolichol_pathway,liu2014,high,Verified Liu 2014 Table S1 subsystem.,20.0,unknown,False,,False,,assigned
AOR00007,AO090009000234,ALG13,Dolichol pathway,dolichol_pathway,liu2014_description,medium,Specific function stated in Liu 2014 description.,20.0,ER,False,,False,,assigned
AOR00008,AO090120000461,,"Dolichol pathway; Glycosylation/modification, mannosyltransferase ",dolichol_pathway,liu2014,high,Verified Liu 2014 Table S1 subsystem.,20.0,unknown,True,up,False,,assigned
AOR00009,AO090120000319,alg3,Dolichol pathway,dolichol_pathway,liu2014,high,Verified Liu 2014 Table S1 subsystem.,20.0,unknown,False,,False,,assigned
AOR00010,AO090701000739,,"Dolichol pathway; Glycosylation/modification , dolichyl-phosphate glucosyltransferase ",dolichol_pathway,liu2014,high,Verified Liu 2014 Table S1 subsystem.,20.0,unknown,True,up,False,,assigned
AOR00011,AO090020000410,,"Dolichol pathway; Glycosylation/modification , glucosyltransferase ",dolichol_pathway,liu2014,high,Verified Liu 2014 Table S1 subsystem.,20.0,unknown,False,,False,,assigned
AOR00012,AO090026000526,,"Dolichol pathway; Glycosylation/modification ,  N-acetyl-glucosaminephosphotransferase ",dolichol_pathway,liu2014,high,Verified Liu 2014 Table S1 subsystem.,20.0,unknown,True,up,False,,assigned
AOR00013,AO090102000146,alg8,Dolichol pathway,dolichol_pathway,liu2014,high,Verified Liu 2014 Table S1 subsystem.,20.0,unknown,False,,False,,assigned
AOR00014,AO090012000489,,"Dolichol pathway; Glycosylation/modification , mannosyltransferase ",dolichol_pathway,liu2014_description,medium,Specific function stated in Liu 2014 description.,20.0,unknown,False,,False,,assigned
AOR00015,AO090005001458,,"CPY; Vacuolar protein sorting ,  vacuolar α-mannosidase",cpy_pathway,liu2014_description,medium,Specific function stated in Liu 2014 description.,120.0,vacuole,False,,False,,assigned
AOR00016,AO090023000901,,MTC complex subunit,golgi_processing,yeast_scaffold,medium,Unique match in the original yeast secretory-system scaffold.,90.0,unknown,False,,False,,assigned
AOR00017,AO090012000213,,Golgi processing/ERADC,golgi_processing,liu2014,high,Verified Liu 2014 Table S1 subsystem.,90.0,unknown,False,,False,erad,assigned
AOR00018,AO090005001357,,"CPY pathway, HDSV",,unassigned,low,Available evidence does not distinguish a primary subsystem.,,membrane,False,,True,,unassigned
AOR00019,AO090206000061,,"ALPpathway; Cellular export and secretion , vesicle coat complex AP-2, alpha subunit",,unassigned,low,Available evidence does not distinguish a primary subsystem.,,unknown,False,,False,,unassigned
AOR00020,AO090009000481,,"CPY pathway, HDSV",,unassigned,low,Available evidence does not distinguish a primary subsystem.,,unknown,False,,True,,unassigned
AOR00021,AO090673000002,,ALPpathway,alp_pathway,yeast_scaffold,medium,Unique match in the original yeast secretory-system scaffold.,130.0,vacuole,False,,False,,assigned
AOR00022,AO090026000703,,ALPpathway,alp_pathway,yeast_scaffold,medium,Unique match in the original yeast secretory-system scaffold.,130.0,membrane,False,,False,,assigned
AOR00023,AO090020000601,,"CPY pathway, HDSV",,unassigned,low,Available evidence does not distinguish a primary subsystem.,,membrane,False,,True,,unassigned
AOR00024,AO090009000223,,ALPpathway,alp_pathway,yeast_scaffold,medium,Unique match in the original yeast secretory-system scaffold.,130.0,vacuole,False,,False,,assigned
AOR00025,AO090003000425,,ALPpathway,alp_pathway,yeast_scaffold,medium,Unique match in the original yeast secretory-system scaffold.,130.0,membrane,False,,False,,assigned
AOR00026,AO090003001338,,"Structural, ARP2/3 complex",,unassigned,low,Available evidence does not distinguish a primary subsystem.,,cytosol,False,,False,,unassigned
AOR00027,AO090005000825,,"Structural, ARP2/3 complex",,unassigned,low,Available evidence does not distinguish a primary subsystem.,,cytosol,False,,False,,unassigned
AOR00028,AO090038000254,,"ARF GTPase; Vesicular transport of proteins between ER and Golgi, ADP-ribosylation factor ",copii,liu2014,high,Verified Liu 2014 Table S1 subsystem.,70.0,Golgi,False,,False,,assigned
AOR00029,AO090005000978,,"COPI; Cellular export and secretion , ADP-ribosylation factor-like protein, ras ",copi,liu2014,high,Verified Liu 2014 Table S1 subsystem.,80.0,vesicle,False,,False,,assigned
AOR00030,AO090012000548,,Arp2/3 complex,,unassigned,low,Available evidence does not distinguish a primary subsystem.,,cytosol,False,,False,,unassigned
AOR00031,AO090026000672,,Arp2/3 complex,,unassigned,low,Available evidence does not distinguish a primary subsystem.,,cytosol,False,,False,,unassigned
AOR00032,AO090005001206,,Autophagy,,unassigned,low,Available evidence does not distinguish a primary subsystem.,,unknown,False,,False,,unassigned
AOR00033,AO090012000993,,COPII,copii,liu2014,high,Verified Liu 2014 Table S1 subsystem.,70.0,unknown,False,,False,,assigned
AOR00034,AO090038000605,,COPII,copii,liu2014_description,medium,Specific function stated in Liu 2014 description.,70.0,unknown,False,,False,,assigned
AOR00035,AO090003001153,,"Vesicular transport of proteins between ER and Golgi, geranylgeranyltransferase, α SU ",,unassigned,low,Available evidence does not distinguish a primary subsystem.,,unknown,False,,False,,unassigned
AOR00036,AO090009000664,,COPII,copii,liu2014_description,medium,Specific function stated in Liu 2014 description.,70.0,unknown,False,,False,,assigned
AOR00037,AO090003000749,,Structural: cortical microtubule capture,,unassigned,low,Available evidence does not distinguish a primary subsystem.,,cytosol,False,,False,,unassigned
AOR00038,AO090003001091,,Proteasome regulator,,unassigned,low,Available evidence does not distinguish a primary subsystem.,,cytosol,False,,False,,unassigned
AOR00039,AO090120000257,,Similar to ArtA: exocytosis,,unassigned,low,Available evidence does not distinguish a primary subsystem.,,unknown,False,,False,,unassigned
AOR00040,AO090003000053,,Similar to ArtA: exocytosis,,unassigned,low,Available evidence does not distinguish a primary subsystem.,,unknown,False,,False,,unassigned
AOR00041,AO090005000437,,"COPII,Qb-SNARE",copii,liu2014,high,Verified Liu 2014 Table S1 subsystem.,70.0,unknown,False,,False,snare,assigned
AOR00042,AO090102000619,,Ras-GTPase-activating protein,,unassigned,low,Available evidence does not distinguish a primary subsystem.,,unknown,False,,False,,unassigned
AOR00043,AO090005000419,bst1,GPI biosynthesis,gpi_biosynthesis,yeast_scaffold,medium,Unique match in the original yeast secretory-system scaffold.,50.0,unknown,False,,False,,assigned
AOR00044,AO090012000842,,"Golgi cargo export; Cell wall biogenesis , Strong similarity to Chs6p FMP50 ",,unassigned,low,Available evidence does not distinguish a primary subsystem.,,unknown,False,,False,,unassigned
AOR00045,AO090012000172,,COPII,copii,liu2014_description,medium,Specific function stated in Liu 2014 description.,70.0,unknown,False,,False,,assigned
AOR00046,AO090003000198,,Cct ring complex subunit β,,unassigned,low,Available evidence does not distinguish a primary subsystem.,,cytosol,False,,False,,unassigned
AOR00047,AO090020000413,,Cct ring complex subunit δ,,unassigned,low,Available evidence does not distinguish a primary subsystem.,,cytosol,False,,False,,unassigned
AOR00048,AO090001000471,,Cct ring complex subunit η,,unassigned,low,Available evidence does not distinguish a primary subsystem.,,cytosol,False,,False,,unassigned
AOR00049,AO090005001642,,Septin family protein AspD,,unassigned,low,Available evidence does not distinguish a primary subsystem.,,unknown,False,,False,,unassigned
AOR00050,AO090120000204,,Septin ring protein AspA,,unassigned,low,Available evidence does not distinguish a primary subsystem.,,unknown,False,,False,,unassigned
AOR00051,AO090102000511,,Septin ring protein,septin,liu2014,high,Verified Liu 2014 Table S1 subsystem.,150.0,cytosol,False,,False,,assigned
AOR00052,AO090102000107,,ERADL,erad,yeast_scaffold,medium,Unique match in the original yeast secretory-system scaffold.,60.0,cytosol,False,,False,,assigned
AOR00053,AO090012001026,,Endosomal protein: actin patch,,unassigned,low,Available evidence does not distinguish a primary subsystem.,,membrane,False,,False,,unassigned
AOR00054,AO090023000802,,CPY pathway,cpy_pathway,liu2014_description,medium,Specific function stated in Liu 2014 description.,120.0,unknown,False,,False,,assigned
AOR00055,AO090003001230,,CPY pathway,cpy_pathway,liu2014,high,Verified Liu 2014 Table S1 subsystem.,120.0,unknown,False,,False,,assigned
AOR00056,AO090009000313,,"Glycoprotein chaperone ClxA, protein folding; Trimming and quality control of N-glycosylated folded proteins, Calnexin—chaperone, folding clxA ",folding,liu2014,high,Verified Liu 2014 Table S1 subsystem.,40.0,unknown,True,up,False,,assigned
AOR00057,AO090010000480,,Cofilin: actin filament depolarization,,unassigned,low,Available evidence does not distinguish a primary subsystem.,,unknown,False,,False,,unassigned
AOR00058,AO090005001354,,"COPI; Vesicular transport of proteins between ER and Golgi, COPI complex, α SU ",copi,liu2014_description,medium,Specific function stated in Liu 2014 description.,80.0,unknown,False,,False,,assigned
AOR00059,AO090120000215,,PPIase cyclophilin CypA,folding,current_annotation,medium,Specific current database function annotation.,40.0,ER,False,,False,,assigned
AOR00060,AO090023000811,cpr2,"Protein folding/UPR , Peptidyl-prolyl cis-trans isomerase ",folding,liu2014,high,Verified Liu 2014 Table S1 subsystem.,40.0,ER,True,up,False,,assigned
AOR00061,AO090120000486,,"Protein folding/UPR , cyclophilin type peptidyl-prolyl cis-trans isomerase",folding,liu2014,high,Verified Liu 2014 Table S1 subsystem.,40.0,ER,True,down,False,,assigned
AOR00062,AO090103000002,cyp3,"Protein folding/UPR , Peptidyl-prolyl cis-trans isomerase precursor ",folding,liu2014,high,Verified Liu 2014 Table S1 subsystem.,40.0,ER,False,,False,,assigned
AOR00063,AO090011000475,cpr6,"PPIase cyclophilin CypD; Protein folding/UPR , peptidyl-prolyl isomerase D (cyclophilin D)",folding,liu2014_description,medium,Specific function stated in Liu 2014 description.,40.0,cytosol,False,,False,,assigned
AOR00064,AO090701000141,,"protein folding; Trimming and quality control of N-glycosylated folded proteins, alpha glucosidase I ",er_glycosylation,liu2014_description+uniprot+kegg_ko,high,Glucosidase I trims the first glucose from N-glycans in the ER; folding and ER-processing memberships are secondary context.,30.0,unknown,False,,False,folding,assigned
AOR00065,AO090005001276,,Addition of ceramides to GPI,gpi_biosynthesis,kegg_pathway,low,"Single mapped KEGG pathway; broad, low-confidence placement.",50.0,ER,False,,False,,assigned
AOR00066,AO090009000300,,Phosphoesterase: UPR downregulation,,unassigned,low,Available evidence does not distinguish a primary subsystem.,,unknown,False,,False,,unassigned
AOR00067,AO090005000469,ddi1,Ub-dependent protein catabolism,,unassigned,low,Available evidence does not distinguish a primary subsystem.,,cytosol,False,,False,,unassigned
AOR00068,AO090701000551,,ERADM,,unassigned,low,Available evidence does not distinguish a primary subsystem.,,unknown,False,,False,,unassigned
AOR00069,AO090701000076,,"Protein degradation , ER associated protein degradation ",erad,liu2014,high,Verified Liu 2014 Table S1 subsystem.,60.0,unknown,True,up,False,,assigned
AOR00070,AO090026000548,,Dolichol pathway,dolichol_pathway,liu2014,high,Verified Liu 2014 Table S1 subsystem.,20.0,unknown,False,,False,,assigned
AOR00071,AO090010000776,,"Dynamin GTPase, HDSV",hdsv,liu2014_description,medium,Specific function stated in Liu 2014 description.,110.0,membrane,False,,False,,assigned
AOR00072,AO090003000271,,"Protein degradation , Ubiquitin-specific protease ",,unassigned,low,Available evidence does not distinguish a primary subsystem.,,unknown,False,,False,,unassigned
AOR00073,AO090003000589,,"Dolichol pathway; Glycosylation/modification , dolichol phosphate mannose synthase ",dolichol_pathway,liu2014,high,Verified Liu 2014 Table S1 subsystem.,20.0,ER,True,up,False,,assigned
AOR00074,AO090011000813,,Flippase,,unassigned,low,Available evidence does not distinguish a primary subsystem.,,unknown,False,,False,,unassigned
AOR00075,AO090003000467,,ERADL,erad,yeast_scaffold,medium,Unique match in the original yeast secretory-system scaffold.,60.0,unknown,False,,False,,assigned
AOR00076,AO090166000088,,Unknown ER DnaK protein,,unassigned,low,Available evidence does not distinguish a primary subsystem.,,unknown,False,,False,,unassigned
AOR00077,AO090011000638,,"Protein folding/UPR , Heat shock protein, 70 kDa ",folding,liu2014_description,medium,Specific function stated in Liu 2014 description.,40.0,ER,False,,False,,assigned
AOR00078,AO090005001095,,"Cell wall biogenesis , Involved in cell wall biogenesis, architecture ",,unassigned,low,Available evidence does not distinguish a primary subsystem.,,membrane,False,,False,,unassigned
AOR00079,AO090038000276,,"COPII; Vesicular transport of proteins between ER and Golgi, COPII vesicle membrane component ",copii,liu2014,high,Verified Liu 2014 Table S1 subsystem.,70.0,membrane,False,,False,,assigned
AOR00080,AO090102000145,,"Vesicular transport of proteins between ER and Golgi, COPII vesicle membrane component ",copii,liu2014,high,Verified Liu 2014 Table S1 subsystem.,70.0,membrane,True,up,False,,assigned
AOR00081,AO090103000412,,"COPII; Vesicular transport of proteins between ER and Golgi, endosomal membrane proteins, EMP70",copii,liu2014_description,medium,Specific function stated in Liu 2014 description.,70.0,membrane,False,,False,,assigned
AOR00082,AO090012000592,end3,"Vacuolar protein sorting , VPS plasma membrane to endosome ",cpy_pathway,liu2014_description,medium,Specific function stated in Liu 2014 description.,120.0,unknown,False,,False,,assigned
AOR00083,AO090120000220,,Epsin-like domain protein,,unassigned,low,Available evidence does not distinguish a primary subsystem.,,unknown,False,,False,,unassigned
AOR00084,AO090005000648,,"Lipid/inositol metabolism , sn-1,2-Diacylglycerol ethanolamine ",,unassigned,low,Available evidence does not distinguish a primary subsystem.,,membrane,False,,False,,unassigned
AOR00085,AO090102000650,,COPI,copi,liu2014,high,Verified Liu 2014 Table S1 subsystem.,80.0,unknown,True,up,False,,assigned
AOR00086,AO090026000646,,"Vesicular transport of proteins between ER and Golgi, ER retention HDEL-receptor ",copi,yeast_scaffold,medium,Unique match in the original yeast secretory-system scaffold.,80.0,unknown,False,,False,,assigned
AOR00087,AO090003000036,,DnaJ-domain protein,folding,liu2014,high,Verified Liu 2014 Table S1 subsystem.,40.0,membrane,True,up,False,,assigned
AOR00088,AO090011000874,,"Protein folding/UPR , ER located DNA-J protein ",folding,liu2014,high,Verified Liu 2014 Table S1 subsystem.,40.0,ER,True,up,False,,assigned
AOR00089,AO090005000630,,protein folding,folding,liu2014,high,Verified Liu 2014 Table S1 subsystem.,40.0,unknown,True,up,False,,assigned
AOR00090,AO090023000834,,COPII,copii,liu2014_description,medium,Specific function stated in Liu 2014 description.,70.0,membrane,False,,False,,assigned
AOR00091,AO090102000528,,COPII,copii,liu2014,high,Verified Liu 2014 Table S1 subsystem.,70.0,membrane,True,up,False,,assigned
AOR00092,AO090005000162,,protein folding,folding,liu2014,high,Verified Liu 2014 Table S1 subsystem.,40.0,ER,False,,False,,assigned
AOR00093,AO090038000244,,"COPII; Vesicular transport of proteins between ER and Golgi, glycoprotein cargo receptor ",copii,liu2014,high,Verified Liu 2014 Table S1 subsystem.,70.0,membrane,True,up,False,,assigned
AOR00094,AO090701000797,,"COPII; Vesicular transport of proteins between ER and Golgi, COPII vesicle fusion ",copii,liu2014,high,Verified Liu 2014 Table S1 subsystem.,70.0,unknown,True,up,False,,assigned
AOR00095,AO090003000808,,"Erv41/46 complex; Vesicular transport of proteins between ER and Golgi, COPII vesicle fusion ",copii,liu2014,high,Verified Liu 2014 Table S1 subsystem.,70.0,unknown,True,up,False,,assigned
AOR00096,AO090011000848,,"Protein folding/UPR , peptidyl-prolyl cis-trans isomerase NIMA-interacting 1",folding,liu2014_description,medium,Specific function stated in Liu 2014 description.,40.0,ER,False,,False,,assigned
AOR00097,AO090026000449,,"LDSV; Cellular export and secretion , exocyst complex SU",ldsv,liu2014,high,Verified Liu 2014 Table S1 subsystem.,100.0,vesicle,True,up,False,,assigned
AOR00098,AO090023000477,,LDSV,ldsv,liu2014_description,medium,Specific function stated in Liu 2014 description.,100.0,unknown,False,,False,,assigned
AOR00099,AO090023000516,,"Protein folding/UPR , FAD synthase ",folding,liu2014_description,medium,Specific function stated in Liu 2014 description.,40.0,ER,False,,False,,assigned
AOR00100,AO090103000136,,"Protein folding/UPR , PPlase, FK506-binding protein ",folding,liu2014_description,medium,Specific function stated in Liu 2014 description.,40.0,ER,False,,False,,assigned
AOR00101,AO090005001515,fpr2,"PPIase FK506 binding protein; Protein folding/UPR , FK506/rapamycin-binding protein of the ER ",folding,liu2014,high,Verified Liu 2014 Table S1 subsystem.,40.0,ER,True,up,False,,assigned
AOR00102,AO090001000519,fpr4,"Protein folding/UPR , Proline cis-trans isomerase; Protein folding/UPR , Nucleolar peptidyl-prolyl cis-trans isomerase ",folding,liu2014_description,medium,Specific function stated in Liu 2014 description.,40.0,ER,False,,False,,assigned
AOR00103,AO090003000395,,GPI biosynthesis,gpi_biosynthesis,yeast_scaffold,medium,Unique match in the original yeast secretory-system scaffold.,50.0,ER,False,,False,,assigned
AOR00104,AO090023000750,,GPI biosynthesis,gpi_biosynthesis,liu2014,high,Verified Liu 2014 Table S1 subsystem.,50.0,unknown,True,up,False,,assigned
AOR00105,AO090010000463,,UDP-Glc 4-epimerase,,unassigned,low,Available evidence does not distinguish a primary subsystem.,,unknown,False,,False,,unassigned
AOR00106,AO090009000459,,"Protein folding/UPR , bZIP transcription factor ",folding,liu2014_description,medium,Specific function stated in Liu 2014 description.,40.0,ER,False,,False,,assigned
AOR00107,AO090001000329,,"Guanosine-diphosphatase; Glycosylation/modification ,  guanosine diphosphatase ",,unassigned,low,Available evidence does not distinguish a primary subsystem.,,unknown,False,,False,,unassigned
AOR00108,AO090026000537,,"GDP dissociation inhibitor; Cellular export and secretion , Secretory pathway GDP-dissociation inhibitor ",,unassigned,low,Available evidence does not distinguish a primary subsystem.,,unknown,False,,False,,unassigned
AOR00109,AO090120000299,,"GEF for ARFs; Vesicular transport of proteins between ER and Golgi, guanine nucleotide exchange factor on ARF ",,unassigned,low,Available evidence does not distinguish a primary subsystem.,,unknown,False,,False,,unassigned
AOR00110,AO090023000956,get1,GET subunit,tc,kegg_pathway,low,"Single mapped KEGG pathway; broad, low-confidence placement.",10.0,unknown,False,,False,,assigned
AOR00111,AO090003000688,get3,GET subunit,tc,kegg_pathway,low,"Single mapped KEGG pathway; broad, low-confidence placement.",10.0,unknown,False,,False,,assigned
AOR00112,AO090003000003,,Gln-Fru-6-P amidotransferase,,unassigned,low,Available evidence does not distinguish a primary subsystem.,,unknown,False,,False,,unassigned
AOR00113,AO090001000466,,CPY,,unassigned,low,Available evidence does not distinguish a primary subsystem.,,Golgi,False,,False,,unassigned
AOR00114,AO090010000760,,GlcNAc-transferase,,unassigned,low,Available evidence does not distinguish a primary subsystem.,,unknown,False,,False,,unassigned
AOR00115,AO090038000376,,Qb.II type SNARE,snare,liu2014_description,medium,Specific function stated in Liu 2014 description.,140.0,unknown,False,,False,,assigned
AOR00116,AO090012000577,,FadA: proliferation,,unassigned,low,Available evidence does not distinguish a primary subsystem.,,unknown,False,,False,,unassigned
AOR00117,AO090005001259,,GPI biosynthesis,gpi_biosynthesis,yeast_scaffold,medium,Unique match in the original yeast secretory-system scaffold.,50.0,ER,False,,False,,assigned
AOR00118,AO090023000629,gpi10,GPI biosynthesis,gpi_biosynthesis,liu2014,high,Verified Liu 2014 Table S1 subsystem.,50.0,unknown,False,,False,,assigned
AOR00119,AO090701000376,,Man-EthNH P-transferase,gpi_biosynthesis,kegg_pathway,low,"Single mapped KEGG pathway; broad, low-confidence placement.",50.0,unknown,False,,False,,assigned
AOR00120,AO090120000381,,GPI biosynthesis,gpi_biosynthesis,yeast_scaffold,medium,Unique match in the original yeast secretory-system scaffold.,50.0,ER,False,,False,,assigned
AOR00121,AO090701000122,,GPI biosynthesis,gpi_biosynthesis,yeast_scaffold,medium,Unique match in the original yeast secretory-system scaffold.,50.0,unknown,False,,False,,assigned
AOR00122,AO090010000207,gpi14,GPI biosynthesis,gpi_biosynthesis,yeast_scaffold,medium,Unique match in the original yeast secretory-system scaffold.,50.0,unknown,False,,False,,assigned
AOR00123,AO090001000578,,GPI biosynthesis,gpi_biosynthesis,yeast_scaffold,medium,Unique match in the original yeast secretory-system scaffold.,50.0,ER,False,,False,,assigned
AOR00124,AO090005001582,,GPI biosynthesis,gpi_biosynthesis,liu2014,high,Verified Liu 2014 Table S1 subsystem.,50.0,unknown,False,,False,,assigned
AOR00125,AO090003001092,gpi18,GPI biosynthesis,gpi_biosynthesis,yeast_scaffold,medium,Unique match in the original yeast secretory-system scaffold.,50.0,unknown,False,,False,,assigned
AOR00126,AO090020000206,,GPI biosynthesis,gpi_biosynthesis,yeast_scaffold,medium,Unique match in the original yeast secretory-system scaffold.,50.0,membrane,False,,False,,assigned
AOR00127,AO090005001186,,GPI biosynthesis,gpi_biosynthesis,liu2014,high,Verified Liu 2014 Table S1 subsystem.,50.0,ER,False,,False,,assigned
AOR00128,AO090102000156,,"Vesicular transport of proteins between ER and Golgi, TRAPP complex SU ",,unassigned,low,Available evidence does not distinguish a primary subsystem.,,unknown,False,,False,,unassigned
AOR00129,AO090005000093,,"Glucosidase II β subunit; Trimming and quality control of N-glycosylated folded proteins, glucosidase II, βSU ",folding,kegg_pathway,low,"Single mapped KEGG pathway; broad, low-confidence placement.",40.0,ER,False,,False,,assigned
AOR00130,AO090005001245,gwt1,GPI biosynthesis,gpi_biosynthesis,liu2014,high,Verified Liu 2014 Table S1 subsystem.,50.0,unknown,False,,False,,assigned
AOR00131,AO090124000074,hacA,"Protein folding/UPR , UPR transcription factor hacA ",folding,liu2014_description,medium,Specific function stated in Liu 2014 description.,40.0,ER,False,,False,,assigned
AOR00132,AO090023000840,,"ERADL; Protein degradation , DnaJ co-chaperone ",erad,liu2014,high,Verified Liu 2014 Table S1 subsystem.,60.0,unknown,False,,False,folding,assigned
AOR00133,AO090120000217,,"Lipid/inositol metabolism , 3-Hydroxy-3-methylglutaryl-coenzyme A reductase 2 ",,unassigned,low,Available evidence does not distinguish a primary subsystem.,,unknown,False,,False,,unassigned
AOR00134,AO090003001503,,"α-1,6-Mannosyltransferase",golgi_processing,yeast_scaffold,medium,Unique match in the original yeast secretory-system scaffold.,90.0,Golgi,False,,False,,assigned
AOR00135,AO090010000615,,"α-1,6-Mannosyltransferase",golgi_processing,yeast_scaffold,medium,Unique match in the original yeast secretory-system scaffold.,90.0,Golgi,False,,False,,assigned
AOR00136,AO090120000208,,"Golgi processing; Glycosylation/modification , α-1,6-mannosyltransferase ",golgi_processing,liu2014_description,medium,Specific function stated in Liu 2014 description.,90.0,unknown,False,,False,,assigned
AOR00137,AO090005000658,,"ERADL; Protein degradation , Zinc finger for ER degradation E3 ",erad,liu2014,high,Verified Liu 2014 Table S1 subsystem.,60.0,unknown,False,,False,,assigned
AOR00138,AO090003000492,,"ERADL; Protein degradation , HMG-CoAg reductase degradation ",erad,yeast_scaffold,medium,Unique match in the original yeast secretory-system scaffold.,60.0,unknown,False,,False,,assigned
AOR00139,AO090026000593,,Ser/Thr kinase,,unassigned,low,Available evidence does not distinguish a primary subsystem.,,unknown,False,,False,,unassigned
AOR00140,AO090102000620,,Hsp90 chaperone SspB,folding,liu2014_description,medium,Specific function stated in Liu 2014 description.,40.0,cytosol,False,,False,,assigned
AOR00141,AO090011000764,,"Protein folding/UPR , Heat shock protein, 60 kDa ",folding,liu2014_description,medium,Specific function stated in Liu 2014 description.,40.0,ER,False,,False,,assigned
AOR00142,AO090009000400,,"protein folding; Protein folding/UPR , UDP-galactose transporter ",folding,liu2014,high,Verified Liu 2014 Table S1 subsystem.,40.0,unknown,True,up,False,,assigned
AOR00143,AO090020000450,,HexA protein: Woronin body,translation,liu2014,high,Verified Liu 2014 Table S1 subsystem.,170.0,cytosol,False,,False,,assigned
AOR00144,AO090701000359,,"Cellular export and secretion , Putative myo-inositol-1-phosphate synthase ",,unassigned,low,Available evidence does not distinguish a primary subsystem.,,cytosol,False,,False,,unassigned
AOR00145,AO090005000934,,"Protein folding/UPR , Serine/threonine protein kinase UPR ",folding,liu2014_description,medium,Specific function stated in Liu 2014 description.,40.0,membrane,False,,False,,assigned
AOR00146,AO090020000010,,protein folding,folding,liu2014,high,Verified Liu 2014 Table S1 subsystem.,40.0,ER,True,up,False,,assigned
AOR00147,AO090003000257,,"ERADL; Protein folding/UPR , ER chaperone bipA ",folding,curated_liu_composite,high,KAR2/BiP is the primary ER Hsp70 folding chaperone; its ERAD contribution is secondary quality-control context.,40.0,ER,True,up,False,erad,assigned
AOR00148,AO090003000735,,Oxysterol binding protein,,unassigned,low,Available evidence does not distinguish a primary subsystem.,,unknown,False,,False,,unassigned
AOR00149,AO090005001632,kex1,Golgi processing,golgi_processing,yeast_scaffold,medium,Unique match in the original yeast secretory-system scaffold.,90.0,unknown,False,,False,,assigned
AOR00150,AO090009000291,,Golgi processing,golgi_processing,liu2014,high,Verified Liu 2014 Table S1 subsystem.,90.0,membrane,False,,False,,assigned
AOR00151,AO090010000465,,Golgi processing,golgi_processing,yeast_scaffold,medium,Unique match in the original yeast secretory-system scaffold.,90.0,Golgi,False,,False,,assigned
AOR00152,AO090011000515,,UDP-Glc glucosyltransferase,beta_1_6_glucan_biosynthesis,liu2014,high,Verified Liu 2014 Table S1 subsystem.,160.0,ER,True,up,False,,assigned
AOR00153,AO090102000391,,"α-1,2-Mannosyltransferase",golgi_processing,yeast_scaffold,medium,Unique match in the original yeast secretory-system scaffold.,90.0,Golgi,False,,False,,assigned
AOR00154,AO090120000333,,"α-1,2-Mannosyltransferase",,unassigned,low,Available evidence does not distinguish a primary subsystem.,,unknown,False,,False,,unassigned
AOR00155,AO090005001222,,"protein folding; Protein folding/UPR , ER lumen Hsp70 chaperone ",folding,liu2014,high,Verified Liu 2014 Table S1 subsystem.,40.0,ER,True,up,False,,assigned
AOR00156,AO090026000314,,PtdIns 4-kinase: actin polymerization,,unassigned,low,Available evidence does not distinguish a primary subsystem.,,unknown,False,,False,,unassigned
AOR00157,AO090011000320,mcd4,GPI biosynthesis,gpi_biosynthesis,yeast_scaffold,medium,Unique match in the original yeast secretory-system scaffold.,50.0,unknown,False,,False,,assigned
AOR00158,AO090005000459,,Myosin light chain,,unassigned,low,Available evidence does not distinguish a primary subsystem.,,unknown,False,,False,,unassigned
AOR00159,AO090038000608,,ERADL,erad,yeast_scaffold,medium,Unique match in the original yeast secretory-system scaffold.,60.0,unknown,False,,False,,assigned
AOR00160,AO090012000403,,Golgi processing,golgi_processing,yeast_scaffold,medium,Unique match in the original yeast secretory-system scaffold.,90.0,Golgi,False,,False,,assigned
AOR00161,AO090003001140,,Golgi processing,golgi_processing,yeast_scaffold,medium,Unique match in the original yeast secretory-system scaffold.,90.0,Golgi,False,,False,,assigned
AOR00162,AO090003000967,,"Glycosylation/modification , Regulates mannosylphosphorylation ",,unassigned,low,Available evidence does not distinguish a primary subsystem.,,unknown,False,,False,,unassigned
AOR00163,AO090701000814,,ERADC,erad,yeast_scaffold,medium,Unique match in the original yeast secretory-system scaffold.,60.0,unknown,False,,False,,assigned
AOR00164,AO090003000057,,protein folding,folding,liu2014,high,Verified Liu 2014 Table S1 subsystem.,40.0,unknown,True,up,False,,assigned
AOR00165,AO090003001225,,"Glycosylation/modification , class I α-mannosidase ",er_glycosylation,liu2014_description+uniprot+kegg_ko,high,Class I alpha-mannosidase (KO K01230) performs ER N-glycan mannose trimming; ER quality control is a secondary role.,30.0,unknown,False,,False,folding,assigned
AOR00166,AO090038000177,,"Glycosylation/modification , α-1,3-mannosyltransferase ",golgi_processing,kegg_pathway,low,"Single mapped KEGG pathway; broad, low-confidence placement.",90.0,membrane,False,,False,,assigned
AOR00167,AO090003000829,,"Protein folding/UPR , Protein disulfide isomerase prpA ",folding,liu2014,high,Verified Liu 2014 Table S1 subsystem.,40.0,ER,True,up,False,,assigned
AOR00168,AO090011000579,,Protein disulfide isomerase,folding,liu2014,high,Verified Liu 2014 Table S1 subsystem.,40.0,membrane,False,,False,,assigned
AOR00169,AO090009000361,,Sorting receptor vacuolar hydrolases,,unassigned,low,Available evidence does not distinguish a primary subsystem.,,membrane,False,,False,,unassigned
AOR00170,AO090102000101,mvp1,PtdIns-3-P binding protein,,unassigned,low,Available evidence does not distinguish a primary subsystem.,,unknown,False,,False,,unassigned
AOR00171,AO090009000707,,Myosin motor,,unassigned,low,Available evidence does not distinguish a primary subsystem.,,unknown,False,,False,,unassigned
AOR00172,AO090701000790,,"Cellular export and secretion , Involved in nonclassical protein export pathway ",,unassigned,low,Available evidence does not distinguish a primary subsystem.,,membrane,False,,False,,unassigned
AOR00173,AO090701000148,,Flippase,,unassigned,low,Available evidence does not distinguish a primary subsystem.,,unknown,False,,False,,unassigned
AOR00174,AO090023000762,,N-myristoyl transferase,,unassigned,low,Available evidence does not distinguish a primary subsystem.,,cytosol,False,,False,,unassigned
AOR00175,AO090005000811,npl4,ERADL,erad,yeast_scaffold,medium,Unique match in the original yeast secretory-system scaffold.,60.0,unknown,False,,False,,assigned
AOR00176,AO090023000485,,R.III type SNARE,snare,liu2014_description,medium,Specific function stated in Liu 2014 description.,140.0,membrane,False,,False,,assigned
AOR00177,AO090038000451,,P-loop ATPase,erad,liu2014,high,Verified Liu 2014 Table S1 subsystem.,60.0,cytosol,True,down,False,,assigned
AOR00178,AO090009000257,,"ERADL; Protein degradation , conserved ER protein ",erad,liu2014,high,Verified Liu 2014 Table S1 subsystem.,60.0,membrane,False,,False,,assigned
AOR00179,AO090001000698,,"Erglycosylation; Glycosylation/modification , oligosaccharyltransferase complex, αSU ",er_glycosylation,liu2014,high,Verified Liu 2014 Table S1 subsystem.,30.0,unknown,True,up,False,,assigned
AOR00180,AO090001000747,,"Erglycosylation; Glycosylation/modification , oligosaccharyltransferase complex, γSU ",er_glycosylation,liu2014,high,Verified Liu 2014 Table S1 subsystem.,30.0,unknown,True,up,False,,assigned
AOR00181,AO090166000087,,ERglycosylation,er_glycosylation,yeast_scaffold,medium,Unique match in the original yeast secretory-system scaffold.,30.0,membrane,False,,False,,assigned
AOR00182,AO090701000218,pbn1,GPI Man-transferase subunit,,unassigned,low,Available evidence does not distinguish a primary subsystem.,,unknown,False,,False,,unassigned
AOR00183,AO090001000429,,Phosphoglucomutase,,unassigned,low,Available evidence does not distinguish a primary subsystem.,,unknown,False,,False,,unassigned
AOR00184,AO090001000733,pdiA,"protein folding; Protein folding/UPR , Protein disulfide isomerase pdiAh ",folding,liu2014,high,Verified Liu 2014 Table S1 subsystem.,40.0,ER,True,up,False,,assigned
AOR00185,AO090120000344,,"Protein folding/UPR , Protein disulfide isomerase tigA ",folding,liu2014,high,Verified Liu 2014 Table S1 subsystem.,40.0,ER,False,,False,,assigned
AOR00186,AO090010000769,vps10,Sorting receptor vacuolar hydrolases,cpy_pathway,current_annotation,medium,Specific current database function annotation.,120.0,unknown,False,,False,,assigned
AOR00187,AO090003001001,,Retromer coat,,unassigned,low,Available evidence does not distinguish a primary subsystem.,,unknown,False,,False,,unassigned
AOR00188,AO090701000381,,"Protein degradation , E2 ubiquitin-conjugating enzyme—peroxin ",,unassigned,low,Available evidence does not distinguish a primary subsystem.,,unknown,False,,False,,unassigned
AOR00189,AO090001000706,,"Cellular export and secretion , Secretory pathway Ca2 &#1;-ATPase pmrA ",golgi_processing,liu2014,high,Verified Liu 2014 Table S1 subsystem.,90.0,unknown,False,,False,,assigned
AOR00190,AO090020000105,,ERglycosylation,er_glycosylation,yeast_scaffold,medium,Unique match in the original yeast secretory-system scaffold.,30.0,unknown,False,,False,,assigned
AOR00191,AO090012001021,,ERglycosylation,er_glycosylation,yeast_scaffold,medium,Unique match in the original yeast secretory-system scaffold.,30.0,unknown,False,,False,,assigned
AOR00192,AO090023000336,,"Erglycosylation; Glycosylation/modification , O-mannosyltransferase ",er_glycosylation,yeast_scaffold,medium,Unique match in the original yeast secretory-system scaffold.,30.0,unknown,False,,False,,assigned
AOR00193,AO090005001528,png1,ERADL,erad,yeast_scaffold,medium,Unique match in the original yeast secretory-system scaffold.,60.0,unknown,False,,False,,assigned
AOR00194,AO090023000824,,20S CP proteasomal β subunit,,unassigned,low,Available evidence does not distinguish a primary subsystem.,,cytosol,False,,False,,unassigned
AOR00195,AO090003000095,,20S CP proteasomal β subunit,,unassigned,low,Available evidence does not distinguish a primary subsystem.,,cytosol,False,,False,,unassigned
AOR00196,AO090005000157,,20S CP proteasomal β subunit,erad,liu2014,high,Verified Liu 2014 Table S1 subsystem.,60.0,cytosol,False,,False,,assigned
AOR00197,AO090003000016,,20S CP proteasomal β subunit,,unassigned,low,Available evidence does not distinguish a primary subsystem.,,cytosol,False,,False,,unassigned
AOR00198,AO090701000060,,20S CP proteasomal α subunit,,unassigned,low,Available evidence does not distinguish a primary subsystem.,,cytosol,False,,False,,unassigned
AOR00199,AO090102000273,,20S CP proteasomal α subunit,,unassigned,low,Available evidence does not distinguish a primary subsystem.,,cytosol,False,,False,,unassigned
AOR00200,AO090003000015,,20S CP proteasomal β subunit,,unassigned,low,Available evidence does not distinguish a primary subsystem.,,unknown,False,,False,,unassigned
AOR00201,AO090005000451,,20S CP proteasomal α subunit,,unassigned,low,Available evidence does not distinguish a primary subsystem.,,cytosol,False,,False,,unassigned
AOR00202,AO090001000574,,20S CP proteasomal α subunit,,unassigned,low,Available evidence does not distinguish a primary subsystem.,,cytosol,False,,False,,unassigned
AOR00203,AO090003001069,mpg1,"Glycosylation/modification , Mannose-1-phosphate guanyltransferase ",,unassigned,low,Available evidence does not distinguish a primary subsystem.,,cytosol,False,,False,,unassigned
AOR00204,AO090005001595,,Ser/Thr phospatase,,unassigned,low,Available evidence does not distinguish a primary subsystem.,,unknown,False,,False,,unassigned
AOR00205,AO090003000295,,20S CP proteasomal β subunit,,unassigned,low,Available evidence does not distinguish a primary subsystem.,,unknown,False,,False,,unassigned
AOR00206,AO090026000504,,20S CP proteasomal α subunit,,unassigned,low,Available evidence does not distinguish a primary subsystem.,,cytosol,False,,False,,unassigned
AOR00207,AO090023000831,,20S CP proteasomal β subunit,,unassigned,low,Available evidence does not distinguish a primary subsystem.,,cytosol,False,,False,,unassigned
AOR00208,AO090009000655,,ERADL,erad,yeast_scaffold,medium,Unique match in the original yeast secretory-system scaffold.,60.0,cytosol,False,,False,,assigned
AOR00209,AO090026000726,,Ras GTPase RasA,,unassigned,low,Available evidence does not distinguish a primary subsystem.,,membrane,False,,False,,unassigned
AOR00210,AO090011000535,,"COPI; Vesicular transport of proteins between ER and Golgi, retention of ER membrane proteins",copi,liu2014,high,Verified Liu 2014 Table S1 subsystem.,80.0,membrane,True,up,False,,assigned
AOR00211,AO090003001085,,"Vesicular transport of proteins between ER and Golgi, retention of ER membrane proteins ",copii,liu2014,high,Verified Liu 2014 Table S1 subsystem.,70.0,vesicle,False,,False,,assigned
AOR00212,AO090005001114,,"COPI; Vesicular transport of proteins between ER and Golgi, Delta subunit of the coatomer complex (COPI)",copi,liu2014,high,Verified Liu 2014 Table S1 subsystem.,80.0,unknown,False,,False,,assigned
AOR00213,AO090011000777,,"COPI; Vesicular transport of proteins between ER and Golgi, vesicle coat complex COPI, zeta subunit",copi,liu2014,high,Verified Liu 2014 Table S1 subsystem.,80.0,unknown,False,,False,,assigned
AOR00214,AO090001000748,,"Dolichol pathway; Glycosylation/modification , flippase ",dolichol_pathway,liu2014_description,medium,Specific function stated in Liu 2014 description.,20.0,unknown,False,,False,,assigned
AOR00215,AO090003000071,,Ras GTPase RhoA,,unassigned,low,Available evidence does not distinguish a primary subsystem.,,membrane,False,,False,,unassigned
AOR00216,AO090102000559,,"protein folding; Trimming and quality control of N-glycosylated folded proteins, glucosidase II, αSU ",folding,liu2014,high,Verified Liu 2014 Table S1 subsystem.,40.0,ER,True,up,False,,assigned
AOR00217,AO090003000947,,"Fusion protein, precursor of Ub",erad,liu2014,high,Verified Liu 2014 Table S1 subsystem.,60.0,cytosol,False,,False,,assigned
AOR00218,AO090120000290,,19S RP proteasome ATPase,,unassigned,low,Available evidence does not distinguish a primary subsystem.,,unknown,False,,False,,unassigned
AOR00219,AO090005001381,,19S RP proteasome ATPase,,unassigned,low,Available evidence does not distinguish a primary subsystem.,,unknown,False,,False,,unassigned
AOR00220,AO090023000714,,19S RP proteasome ATPase,,unassigned,low,Available evidence does not distinguish a primary subsystem.,,unknown,False,,False,,unassigned
AOR00221,AO090020000084,,19S RP proteasome ATPase,,unassigned,low,Available evidence does not distinguish a primary subsystem.,,unknown,False,,False,,unassigned
AOR00222,AO090020000338,,19S RP proteasome ATPase,,unassigned,low,Available evidence does not distinguish a primary subsystem.,,unknown,False,,False,,unassigned
AOR00223,AO090001000417,,19S RP proteasome ATPase,,unassigned,low,Available evidence does not distinguish a primary subsystem.,,unknown,False,,False,,unassigned
AOR00224,AO090012001005,,19S RP proteasome ATPase,,unassigned,low,Available evidence does not distinguish a primary subsystem.,,unknown,False,,False,,unassigned
AOR00225,AO090003000397,,19S RP proteasome ATPase,erad,liu2014,high,Verified Liu 2014 Table S1 subsystem.,60.0,unknown,False,,False,,assigned
AOR00226,AO090003000679,,"Fusion protein, precursor of Ub",,unassigned,low,Available evidence does not distinguish a primary subsystem.,,cytosol,False,,False,,unassigned
AOR00227,AO090003000692,,"Protein degradation , 26S proteasome regulatory subunit ",,unassigned,low,Available evidence does not distinguish a primary subsystem.,,cytosol,False,,False,,unassigned
AOR00228,AO090003000056,,19S RP proteasome ATPase,,unassigned,low,Available evidence does not distinguish a primary subsystem.,,cytosol,False,,False,,unassigned
AOR00229,AO090001000434,,19S RP proteasome ATPase,,unassigned,low,Available evidence does not distinguish a primary subsystem.,,cytosol,False,,False,,unassigned
AOR00230,AO090206000022,,19S RP proteasome ATPase,,unassigned,low,Available evidence does not distinguish a primary subsystem.,,cytosol,False,,False,,unassigned
AOR00231,AO090005001643,,"Golgi processing; Vesicular transport of proteins between ER and Golgi, Golgi-matrix protein ",golgi_processing,liu2014,high,Verified Liu 2014 Table S1 subsystem.,90.0,Golgi,True,down,False,,assigned
AOR00232,AO090009000668,,Amphiphysin protein: actin polarization,,unassigned,low,Available evidence does not distinguish a primary subsystem.,,cytosol,False,,False,,unassigned
AOR00233,AO090003000842,sar1,"COPII; Vesicle trafficking/transport , GTPase (ER to Golgi) ",copii,liu2014,high,Verified Liu 2014 Table S1 subsystem.,70.0,unknown,True,up,False,,assigned
AOR00234,AO090003000853,,"TC,ERADL; Translocation to ER, Translocon (gamma subunit) ",tc,liu2014,high,Verified Liu 2014 Table S1 subsystem.,10.0,unknown,True,up,False,erad,assigned
AOR00235,AO090038000586,,ER DnaJ co-chaperone,folding,liu2014,high,Verified Liu 2014 Table S1 subsystem.,40.0,ER,True,up,False,,assigned
AOR00236,AO090003000682,,20S CP proteasomal α subunit,,unassigned,low,Available evidence does not distinguish a primary subsystem.,,cytosol,False,,False,,unassigned
AOR00237,AO090010000460,,"LDSV; Vacuolar protein sorting , VPS (Golgi to plasma membrane) ",,unassigned,low,Available evidence does not distinguish a primary subsystem.,,unknown,False,,True,,unassigned
AOR00238,AO090010000771,,"LDSV; Cellular export and secretion , exocyst complex SU",ldsv,liu2014_description,medium,Specific function stated in Liu 2014 description.,100.0,vesicle,False,,False,,assigned
AOR00239,AO090012000838,sec11,"TC; Translocation to ER, signal peptidase complex SU ",tc,liu2014,high,Verified Liu 2014 Table S1 subsystem.,10.0,unknown,True,up,False,,assigned
AOR00240,AO090023000986,sec13,"COPII; Vesicular transport of proteins between ER and Golgi, COPII complex SU ",copii,liu2014,high,Verified Liu 2014 Table S1 subsystem.,70.0,unknown,False,,False,,assigned
AOR00241,AO090003000509,,"Cellular export and secretion , Cytosolic factor phosphatidylinositol transfer ",,unassigned,low,Available evidence does not distinguish a primary subsystem.,,unknown,False,,False,,unassigned
AOR00242,AO090701000006,,LDSV,ldsv,liu2014_description,medium,Specific function stated in Liu 2014 description.,100.0,vesicle,False,,False,,assigned
AOR00243,AO090701000149,sec16,COPII,copii,liu2014_description,medium,Specific function stated in Liu 2014 description.,70.0,unknown,False,,False,,assigned
AOR00244,AO090026000347,,COPII,copii,liu2014_description,medium,Specific function stated in Liu 2014 description.,70.0,membrane,False,,False,,assigned
AOR00245,AO090005000718,,"COPII,HDSV,LDSV,CPY,ALP pathway; Cellular export and secretion , Putative secretory component nsfA ",copii,liu2014,high,Verified Liu 2014 Table S1 subsystem.,70.0,cytosol,False,,False,hdsv; ldsv; cpy_pathway; alp_pathway,assigned
AOR00246,,,Qb-SNARE,snare,liu2014_description,medium,Specific function stated in Liu 2014 description.,140.0,vesicle,False,,True,,uncertain
AOR00247,AO090026000599,,"COPI; Vesicular transport of proteins between ER and Golgi, COPI complex, γ SU ",copi,liu2014,high,Verified Liu 2014 Table S1 subsystem.,80.0,unknown,False,,False,,assigned
AOR00248,AO090701000139,,"COPII, R-SNARE",copii,liu2014,high,Verified Liu 2014 Table S1 subsystem.,70.0,unknown,False,,False,snare,assigned
AOR00249,AO090005000760,sec23,"COPII; Vesicular transport of proteins between ER and Golgi, COPII complex SU ",copii,liu2014_description,medium,Specific function stated in Liu 2014 description.,70.0,unknown,False,,False,,assigned
AOR00250,AO090003000403,sec24,"COPII; Vesicular transport of proteins between ER and Golgi, COPII complex SU ",copii,liu2014,high,Verified Liu 2014 Table S1 subsystem.,70.0,unknown,False,,False,,assigned
AOR00251,AO090038000308,,"COPI; Vesicular transport of proteins between ER and Golgi, COPI complex, β SU ",copi,liu2014,high,Verified Liu 2014 Table S1 subsystem.,80.0,unknown,True,up,False,,assigned
AOR00252,AO090011000577,,"COPI; Vesicular transport of proteins between ER and Golgi, COPI complex, β ' SU ",copi,liu2014,high,Verified Liu 2014 Table S1 subsystem.,80.0,unknown,False,,False,,assigned
AOR00253,AO090012000556,,"COPI; Vesicular transport of proteins between ER and Golgi, COPI complex, ε SU ",copi,liu2014,high,Verified Liu 2014 Table S1 subsystem.,80.0,unknown,False,,False,,assigned
AOR00254,AO090003000913,,LDSV,ldsv,liu2014_description,medium,Specific function stated in Liu 2014 description.,100.0,vesicle,False,,False,,assigned
AOR00255,AO090026000337,sec31,"COPII; Vesicular transport of proteins between ER and Golgi, COPII complex SU ",copii,liu2014,high,Verified Liu 2014 Table S1 subsystem.,70.0,unknown,True,up,False,,assigned
AOR00256,AO090206000003,,"LDSV; Vesicle trafficking/transport , GTPase (Golgi to plasma membrane) ",ldsv,liu2014_description,medium,Specific function stated in Liu 2014 description.,100.0,unknown,False,,False,,assigned
AOR00257,AO090012000630,,LDSV,ldsv,liu2014_description,medium,Specific function stated in Liu 2014 description.,100.0,vesicle,False,,False,,assigned
AOR00258,AO090003001162,,"LDSV; Cellular export and secretion , subunit of the exocyst complex, targeting of secretory vesicles to active sites of exocytosis",ldsv,liu2014_description,medium,Specific function stated in Liu 2014 description.,100.0,vesicle,False,,False,,assigned
AOR00259,AO090701000730,,"TC; Translocation to ER, Translocon (alpha subunit) ",tc,liu2014,high,Verified Liu 2014 Table S1 subsystem.,10.0,unknown,True,up,False,,assigned
AOR00260,AO090026000361,,"TC; Translocation to ER, ER protein-translocation complex subunit ",tc,liu2014,high,Verified Liu 2014 Table S1 subsystem.,10.0,unknown,True,up,False,,assigned
AOR00261,AO090005001238,,"TC; Translocation to ER, ER protein-translocation complex subunit ",tc,liu2014,high,Verified Liu 2014 Table S1 subsystem.,10.0,unknown,True,up,False,,assigned
AOR00262,AO090005000120,,"TC; Translocation to ER, 19-kDa signal recognition particle ",tc,liu2014_description,medium,Specific function stated in Liu 2014 description.,10.0,cytosol,False,,False,,assigned
AOR00263,AO090103000044,,"TC; Translocation to ER, ER protein-translocation complex subunit ",tc,liu2014,high,Verified Liu 2014 Table S1 subsystem.,10.0,ER,True,up,False,,assigned
AOR00264,AO090005000435,,"GEF HypB for ARFs, LDSV; Cellular export and secretion , Reticulocyte binding protein ",ldsv,liu2014_description,medium,Specific function stated in Liu 2014 description.,100.0,unknown,False,,False,,assigned
AOR00265,AO090701000291,,Targeting and import to the ER,tc,liu2014,high,Verified Liu 2014 Table S1 subsystem.,10.0,cytosol,True,up,False,,assigned
AOR00266,AO090701000290,,"Translocation to ER, ER protein-translocation complex subunit ",,unassigned,low,Available evidence does not distinguish a primary subsystem.,,membrane,False,,False,,unassigned
AOR00267,AO090701000719,,LDSV,ldsv,liu2014_description,medium,Specific function stated in Liu 2014 description.,100.0,vesicle,False,,False,,assigned
AOR00268,AO090020000134,,Qa.II type SNARE,snare,liu2014_description,medium,Specific function stated in Liu 2014 description.,140.0,membrane,False,,False,,assigned
AOR00269,AO090001000326,sey1,Dynamin GTPase,,unassigned,low,Available evidence does not distinguish a primary subsystem.,,unknown,False,,False,,unassigned
AOR00270,AO090005001279,,Sorting of PmaA,copii,liu2014,high,Verified Liu 2014 Table S1 subsystem.,70.0,unknown,False,,False,,assigned
AOR00271,AO090038000454,,TTC protein,tc,kegg_pathway,low,"Single mapped KEGG pathway; broad, low-confidence placement.",10.0,ER,False,,False,,assigned
AOR00272,AO090003001273,,"ER packaging chaperone; Cellular export and secretion , Secretory component protein, putative ",folding,liu2014_description,medium,Specific function stated in Liu 2014 description.,40.0,ER,False,,False,,assigned
AOR00273,AO090003000363,,"Protein folding/UPR , Stress response transcription factor srrA ",folding,liu2014_description,medium,Specific function stated in Liu 2014 description.,40.0,ER,False,,False,,assigned
AOR00274,AO090020000087,,Actin linking to clathrin,,unassigned,low,Available evidence does not distinguish a primary subsystem.,,cytosol,False,,False,,unassigned
AOR00275,AO090011000843,,"Lipid/inositol metabolism , Fatty acyltransferase ",,unassigned,low,Available evidence does not distinguish a primary subsystem.,,unknown,False,,False,,unassigned
AOR00276,AO090009000199,,MAP kinase: polarized growth,,unassigned,low,Available evidence does not distinguish a primary subsystem.,,unknown,False,,False,,unassigned
AOR00277,AO090701000606,,"SM protein, binds Sed5",,unassigned,low,Available evidence does not distinguish a primary subsystem.,,unknown,False,,False,,unassigned
AOR00278,AO090009000654,smp3,GPI biosynthesis,gpi_biosynthesis,yeast_scaffold,medium,Unique match in the original yeast secretory-system scaffold.,50.0,unknown,False,,False,,assigned
AOR00279,AO090012000430,,R.IV type SNARE,snare,liu2014,high,Verified Liu 2014 Table S1 subsystem.,140.0,membrane,False,,False,,assigned
AOR00280,AO090023000164,,"Vacuolar protein sorting , Sorting nexin, retrieval from endosomes ",cpy_pathway,liu2014_description,medium,Specific function stated in Liu 2014 description.,120.0,unknown,False,,False,,assigned
AOR00281,AO090005000615,,"TC; Translocation to ER, signal peptidase complex SU ",tc,liu2014,high,Verified Liu 2014 Table S1 subsystem.,10.0,unknown,True,up,False,,assigned
AOR00282,AO090102000523,,"TC; Translocation to ER,  signal peptidase complex SU ",tc,liu2014,high,Verified Liu 2014 Table S1 subsystem.,10.0,unknown,True,up,False,,assigned
AOR00283,AO090012000773,,"Cell wall biogenesis , P-type ATPase—unknown function ",,unassigned,low,Available evidence does not distinguish a primary subsystem.,,unknown,False,,False,,unassigned
AOR00284,AO090005000980,,GPI biosynthesis,gpi_biosynthesis,yeast_scaffold,medium,Unique match in the original yeast secretory-system scaffold.,50.0,ER,False,,False,,assigned
AOR00285,AO090701000163,,"TC; Translocation to ER, signal recognition particle receptor ",tc,liu2014_description,medium,Specific function stated in Liu 2014 description.,10.0,unknown,False,,False,,assigned
AOR00286,AO090011000933,,TC,tc,yeast_scaffold,medium,Unique match in the original yeast secretory-system scaffold.,10.0,unknown,False,,False,,assigned
AOR00287,AO090011000469,,"TC; Translocation to ER, signal recognition particle SU ",tc,liu2014_description,medium,Specific function stated in Liu 2014 description.,10.0,cytosol,False,,False,,assigned
AOR00288,AO090120000351,,TC,tc,yeast_scaffold,medium,Unique match in the original yeast secretory-system scaffold.,10.0,ER,False,,False,,assigned
AOR00289,AO090102000593,,"TC; Translocation to ER, signal recognition particle, subunit ",tc,liu2014,high,Verified Liu 2014 Table S1 subsystem.,10.0,unknown,False,,False,,assigned
AOR00290,AO090003000956,,TC,tc,yeast_scaffold,medium,Unique match in the original yeast secretory-system scaffold.,10.0,cytosol,False,,False,,assigned
AOR00291,AO090003001205,,TC,tc,yeast_scaffold,medium,Unique match in the original yeast secretory-system scaffold.,10.0,unknown,False,,False,,assigned
AOR00292,AO090012000995,,"Protein folding/UPR , Heat shock protein, 70 kDa ",folding,liu2014_description,medium,Specific function stated in Liu 2014 description.,40.0,ER,False,,False,,assigned
AOR00293,AO090011000513,,"Protein folding/UPR , Heat shock protein, 70 kDa ",folding,liu2014_description,medium,Specific function stated in Liu 2014 description.,40.0,ER,False,,False,,assigned
AOR00294,AO090103000007,,"Protein folding/UPR , Heat shock protein, 70 kDa, hscA ",folding,liu2014_description,medium,Specific function stated in Liu 2014 description.,40.0,cytosol,False,,False,,assigned
AOR00295,AO090113000129,,Hsp90 chaperone complex,folding,liu2014_description,medium,Specific function stated in Liu 2014 description.,40.0,cytosol,False,,False,,assigned
AOR00296,AO090010000311,,Qa.IV type SNARE,snare,liu2014_description,medium,Specific function stated in Liu 2014 description.,140.0,vesicle,False,,False,,assigned
AOR00297,AO090005001482,dapB,Golgi processing,golgi_processing,yeast_scaffold,medium,Unique match in the original yeast secretory-system scaffold.,90.0,unknown,False,,False,,assigned
AOR00298,AO090038000562,,Hsp90 co-chaperone,folding,liu2014_description,medium,Specific function stated in Liu 2014 description.,40.0,cytosol,False,,False,,assigned
AOR00299,AO090103000069,,"Erglycosylation; Glycosylation/modification , oligosaccharyltransferase complex, SU ",er_glycosylation,liu2014,high,Verified Liu 2014 Table S1 subsystem.,30.0,unknown,True,up,False,,assigned
AOR00300,AO090003000421,,Structural: microtule dynamics,,unassigned,low,Available evidence does not distinguish a primary subsystem.,,cytosol,False,,False,,unassigned
AOR00301,AO090020000592,,HDSV,hdsv,liu2014_description,medium,Specific function stated in Liu 2014 description.,110.0,vesicle,False,,False,,assigned
AOR00302,AO090023000690,,"Erglycosylation; Glycosylation/modification , oligosaccharyltransferase complex,Delta (essential) subunit",er_glycosylation,liu2014,high,Verified Liu 2014 Table S1 subsystem.,30.0,unknown,True,up,False,,assigned
AOR00303,AO090012000240,,"DNA, SC012",snare,kegg_pathway,low,"Single mapped KEGG pathway; broad, low-confidence placement.",140.0,membrane,False,,False,,assigned
AOR00304,AO090038000561,,Tricalbin,,unassigned,low,Available evidence does not distinguish a primary subsystem.,,unknown,False,,False,,unassigned
AOR00305,AO090120000250,,Cargo exit from ER,gpi_biosynthesis,kegg_pathway,low,"Single mapped KEGG pathway; broad, low-confidence placement.",50.0,ER,False,,False,,assigned
AOR00306,AO090102000487,,Qc-SNARE,snare,liu2014_description,medium,Specific function stated in Liu 2014 description.,140.0,unknown,False,,False,,assigned
AOR00307,AO090003001228,,Qa.III.a type SNARE,snare,liu2014_description,medium,Specific function stated in Liu 2014 description.,140.0,unknown,False,,False,,assigned
AOR00308,AO090023000078,,C-methylation of prenylCys.,,unassigned,low,Available evidence does not distinguish a primary subsystem.,,unknown,False,,False,,unassigned
AOR00309,AO090012000873,,"tRNA ligase required for tRNA splicing; Protein folding/UPR , tRNA ligase ",folding,liu2014_description,medium,Specific function stated in Liu 2014 description.,40.0,ER,False,,False,,assigned
AOR00310,AO090701000055,,"Vesicular transport of proteins between ER and Golgi, Targeting and fusion of ER-Golgi vesicles ",,unassigned,low,Available evidence does not distinguish a primary subsystem.,,Golgi,False,,False,,unassigned
AOR00311,AO090011000833,,COPII,copii,liu2014_description,medium,Specific function stated in Liu 2014 description.,70.0,vesicle,False,,False,,assigned
AOR00312,AO090120000403,,COPII,copii,liu2014_description,medium,Specific function stated in Liu 2014 description.,70.0,unknown,False,,False,,assigned
AOR00313,AO090701000012,,COPII,copii,liu2014_description,medium,Specific function stated in Liu 2014 description.,70.0,vesicle,False,,False,,assigned
AOR00314,AO090005001065,,Thioredoxin,,unassigned,low,Available evidence does not distinguish a primary subsystem.,,unknown,False,,False,,unassigned
AOR00315,AO090009000281,,β-tubulin TubB,,unassigned,low,Available evidence does not distinguish a primary subsystem.,,cytosol,False,,False,,unassigned
AOR00316,AO090005000840,,α-tubulin TubA,,unassigned,low,Available evidence does not distinguish a primary subsystem.,,cytosol,False,,False,,unassigned
AOR00317,AO090009000287,tvp38,Asymetric localization of Kar9,,unassigned,low,Available evidence does not distinguish a primary subsystem.,,unknown,False,,False,,unassigned
AOR00318,AO090012000248,,"Protein degradation , Ubiquitin-activating enzyme ",erad,yeast_scaffold,medium,Unique match in the original yeast secretory-system scaffold.,60.0,unknown,False,,False,,assigned
AOR00319,AO090701000588,,"Protein degradation , E2 ubiquitin-conjugating enzyme ",erad,liu2014,high,Verified Liu 2014 Table S1 subsystem.,60.0,unknown,False,,False,,assigned
AOR00320,AO090102000609,,"ERADM,ERADL; Protein degradation , Ubiquitin-conjugating enzyme (UBC7 ortholog) ",erad,liu2014,high,Verified Liu 2014 Table S1 subsystem.,60.0,unknown,False,,False,,assigned
AOR00321,AO090103000399,,E2 ubiquitin-conjugating enzyme (EC 2.3.2.23),hdsv,liu2014,high,Verified Liu 2014 Table S1 subsystem.,110.0,vesicle,False,,False,,assigned
AOR00322,AO090102000527,,Ub-specific protease,,unassigned,low,Available evidence does not distinguish a primary subsystem.,,unknown,False,,False,,unassigned
AOR00323,AO090011000379,,"ERADL, Ub activator domain protein",erad,liu2014,high,Verified Liu 2014 Table S1 subsystem.,60.0,unknown,False,,False,,assigned
AOR00324,AO090005000853,,ERADL,erad,yeast_scaffold,medium,Unique match in the original yeast secretory-system scaffold.,60.0,unknown,False,,False,,assigned
AOR00325,AO090023000839,,Ub-Ub ligase,folding,kegg_pathway,low,"Single mapped KEGG pathway; broad, low-confidence placement.",40.0,cytosol,False,,False,,assigned
AOR00326,AO090011000678,,Qa-SNARE,snare,liu2014,high,Verified Liu 2014 Table S1 subsystem.,140.0,membrane,False,,False,,assigned
AOR00327,AO090038000558,,UGPase,,unassigned,low,Available evidence does not distinguish a primary subsystem.,,unknown,False,,False,,unassigned
AOR00328,AO090026000428,,ER export receptor,folding,kegg_pathway,low,"Single mapped KEGG pathway; broad, low-confidence placement.",40.0,membrane,False,,False,,assigned
AOR00329,AO090012000504,,"COPII; Vesicular transport of proteins between ER and Golgi, SNARE complex assembly protein ",,unassigned,low,Available evidence does not distinguish a primary subsystem.,,Golgi,False,,True,,unassigned
AOR00330,AO090113000014,vac8,Cytoplasm to vacuole targeting,,unassigned,low,Available evidence does not distinguish a primary subsystem.,,unknown,False,,False,,unassigned
AOR00331,AO090023000864,,"ALPpathway, Qa-SNARE",alp_pathway,liu2014,high,Verified Liu 2014 Table S1 subsystem.,130.0,vacuole,False,,False,snare,assigned
AOR00332,AO090026000605,,Qc-SNARE,snare,liu2014_description,medium,Specific function stated in Liu 2014 description.,140.0,vesicle,False,,False,,assigned
AOR00333,AO090011000398,,Dynamin GTPase,hdsv,liu2014,high,Verified Liu 2014 Table S1 subsystem.,110.0,vesicle,False,,False,,assigned
AOR00334,AO090102000348,,Dynamin GTPase,hdsv,liu2014,high,Verified Liu 2014 Table S1 subsystem.,110.0,vesicle,False,,False,,assigned
AOR00335,AO090113000006,,"CPY; Vacuolar protein sorting , vacuolar protein sorting",cpy_pathway,liu2014_description,medium,Specific function stated in Liu 2014 description.,120.0,vacuole,False,,False,,assigned
AOR00336,AO090701000263,,"COPII; Vesicular transport of proteins between ER and Golgi, membrane coat complex Retromer, subunit VPS5/SNX1",copii,liu2014_description,medium,Specific function stated in Liu 2014 description.,70.0,vesicle,False,,False,,assigned
AOR00337,AO090023000765,,"Rab5 GTPase; Vesicle trafficking/transport , GTPase (early to late endosome) ",,unassigned,low,Available evidence does not distinguish a primary subsystem.,,unknown,False,,False,,unassigned
AOR00338,AO090012000925,,"COPII; Vesicular transport of proteins between ER and Golgi, membrane coat complex Retromer, subunit VPS29/PEP11",copii,liu2014_description,medium,Specific function stated in Liu 2014 description.,70.0,vesicle,False,,False,,assigned
AOR00339,AO090026000225,,"CPY; Vacuolar protein sorting , Probable vacuolar sorting protein hbrA ",cpy_pathway,liu2014_description,medium,Specific function stated in Liu 2014 description.,120.0,vacuole,False,,False,,assigned
AOR00340,AO090003000586,,"Retromer coat; Vesicular transport of proteins between ER and Golgi, membrane coat complex Retromer, subunit VPS35",cpy_pathway,current_annotation,medium,Specific current database function annotation.,120.0,membrane,False,,False,,assigned
AOR00341,AO090005001298,,"CPY; Vacuolar protein sorting , vacuolar protein sorting AAA-ATPase (endosome to vacuole) ",cpy_pathway,liu2014_description,medium,Specific function stated in Liu 2014 description.,120.0,unknown,False,,False,,assigned
AOR00342,AO090003000675,,"CPY; Vacuolar protein sorting , VPS (Golgi to vacuole) ",cpy_pathway,liu2014_description,medium,Specific function stated in Liu 2014 description.,120.0,vacuole,False,,False,,assigned
AOR00343,AO090701000053,,"CPY; Vacuolar protein sorting , vacuolar sorting protein VPS45/Stt10 (Sec1 family)(Golgi to endosome)",cpy_pathway,liu2014_description,medium,Specific function stated in Liu 2014 description.,120.0,membrane,False,,False,,assigned
AOR00344,AO090009000311,,"COPII; Vesicular transport of proteins between ER and Golgi, membrane coat complex Retromer, subunit VPS5/SNX1",copii,liu2014_description,medium,Specific function stated in Liu 2014 description.,70.0,unknown,False,,False,,assigned
AOR00345,AO090003000939,,"CPY; Vacuolar protein sorting , vacuolar protein sorting",cpy_pathway,liu2014_description,medium,Specific function stated in Liu 2014 description.,120.0,Golgi,False,,False,,assigned
AOR00346,AO090003000609,,Proteolysis,,unassigned,low,Available evidence does not distinguish a primary subsystem.,,unknown,False,,False,,unassigned
AOR00347,AO090003000972,,Vacuolar protein sorting,cpy_pathway,liu2014_description,medium,Specific function stated in Liu 2014 description.,120.0,vacuole,False,,False,,assigned
AOR00348,AO090009000688,gmt1,GDP-Mannose transporter,,unassigned,low,Available evidence does not distinguish a primary subsystem.,,unknown,False,,False,,unassigned
AOR00349,AO090012000979,,VTC subunit,,unassigned,low,Available evidence does not distinguish a primary subsystem.,,unknown,False,,False,,unassigned
AOR00350,AO090011000795,,VTC subunit,,unassigned,low,Available evidence does not distinguish a primary subsystem.,,unknown,False,,True,,unassigned
AOR00351,AO090003001144,,Qb.III.b type SNARE,snare,liu2014_description,medium,Specific function stated in Liu 2014 description.,140.0,membrane,False,,False,,assigned
AOR00352,AO090020000468,,"Erglycosylation; Glycosylation/modification , oligosaccharyltransferase complex, βSU",er_glycosylation,liu2014_description+uniprot+kegg_ko,high,"WBP1 is the ER oligosaccharyltransferase beta subunit (KO K12670), making N-glycan transfer its most specific function.",30.0,unknown,False,,False,folding,assigned
AOR00353,AO090003000068,,Ser/Thr kinase: septin assembly,,unassigned,low,Available evidence does not distinguish a primary subsystem.,,unknown,False,,False,,unassigned
AOR00354,AO090003000801,,Chaperone for protein translocation,folding,kegg_pathway,low,"Single mapped KEGG pathway; broad, low-confidence placement.",40.0,ER,False,,True,,uncertain
AOR00355,AO090003000506,,Invertase secretion in yeast,folding,kegg_pathway,low,"Single mapped KEGG pathway; broad, low-confidence placement.",40.0,unknown,False,,False,,assigned
AOR00356,AO090701000164,,COPII/Golgi fusion,copii,liu2014,high,Verified Liu 2014 Table S1 subsystem.,70.0,unknown,True,up,False,,assigned
AOR00357,AO090003000038,,Interacts with Rab GTPases,copii,liu2014,high,Verified Liu 2014 Table S1 subsystem.,70.0,membrane,False,,False,,assigned
AOR00358,AO090023000584,,R.II tye SNARE,snare,liu2014,high,Verified Liu 2014 Table S1 subsystem.,140.0,unknown,False,,False,,assigned
AOR00359,AO090009000178,,"α-1,2-Mannosidase",erad,aspergillus_homolog+uniprot+yeast_ortholog+kegg_ko,medium,The A. oryzae protein is a class I alpha-mannosidase (KO K01230); its MNL2 ortholog is ER-localized and functions in ERAD quality control.,60.0,unknown,False,,False,er_glycosylation,assigned
AOR00360,AO090005000158,,Supressor of Bud 5,putative_mitochondria_protein,liu2014,high,Verified Liu 2014 Table S1 subsystem.,180.0,unknown,False,,False,,assigned
AOR00361,AO090011000717,,ER tubular morphology,,unassigned,low,Available evidence does not distinguish a primary subsystem.,,membrane,False,,False,,unassigned
AOR00362,AO090023000334,,ERADL,erad,liu2014,high,Verified Liu 2014 Table S1 subsystem.,60.0,unknown,True,up,False,,assigned
AOR00363,AO090102000638,,"COPII; Vesicle trafficking/transport , GTPase (cis to medial Golgi) ",copii,liu2014_description,medium,Specific function stated in Liu 2014 description.,70.0,vesicle,False,,False,,assigned
AOR00364,AO090005000880,,"Rab11 GTPase, COPI; Vesicle trafficking/transport ",copi,liu2014,high,Verified Liu 2014 Table S1 subsystem.,80.0,membrane,False,,False,,assigned
AOR00365,AO090003000619,,"Vesicle trafficking/transport , ",,unassigned,low,Available evidence does not distinguish a primary subsystem.,,unknown,False,,False,,unassigned
AOR00366,AO090012000273,,"Rab6 GTPase SrgC, CPY; Vesicle trafficking/transport , GTPase (Golgi to vacuole)",,unassigned,low,Available evidence does not distinguish a primary subsystem.,,unknown,False,,False,,unassigned
AOR00367,AO090120000329,,"CPY; Vesicle trafficking/transport , GTPase (late endosome to vacuole) ",,unassigned,low,Available evidence does not distinguish a primary subsystem.,,unknown,False,,False,,unassigned
AOR00368,AO090005000965,,Proteolysis,mitochondrial_m_aaa_protease,liu2014,high,Verified Liu 2014 Table S1 subsystem.,190.0,unknown,False,,False,,assigned
AOR00369,AO090011000292,,DnaJ protein,,unassigned,low,Available evidence does not distinguish a primary subsystem.,,cytosol,False,,False,,unassigned
