record_id,locus_tag,yeast_ortholog,liu_subsystem,final_subsystem,assignment_source,evidence_summary,conflicting_candidates,pathway_order,manual_review_required,assignment_confidence
AOR00001,AO090701000065,ACT1,,,unassigned,,,,False,low
AOR00002,AO090003001087,AHA1,,folding,liu2014_description,liu2014 description,,40.0,False,medium
AOR00003,AO090011000927,AKR1,,,unassigned,,,,False,low
AOR00004,AO090103000403,ALG1,Dolichol pathway,dolichol_pathway,liu2014,Liu 2014 Table S1 subsystem,,20.0,False,high
AOR00005,AO090001000490,ALG11,Dolichol pathway,dolichol_pathway,liu2014,Liu 2014 Table S1 subsystem,,20.0,False,high
AOR00006,AO090009000318,ALG12,Dolichol pathway,dolichol_pathway,liu2014,Liu 2014 Table S1 subsystem,,20.0,False,high
AOR00007,AO090009000234,ALG13,,dolichol_pathway,liu2014_description,liu2014 description,,20.0,False,medium
AOR00008,AO090120000461,ALG2,Dolichol pathway,dolichol_pathway,liu2014,Liu 2014 Table S1 subsystem,,20.0,False,high
AOR00009,AO090120000319,ALG3,Dolichol pathway,dolichol_pathway,liu2014,Liu 2014 Table S1 subsystem,,20.0,False,high
AOR00010,AO090701000739,ALG5,Dolichol pathway,dolichol_pathway,liu2014,Liu 2014 Table S1 subsystem,,20.0,False,high
AOR00011,AO090020000410,ALG6,Dolichol pathway,dolichol_pathway,liu2014,Liu 2014 Table S1 subsystem,,20.0,False,high
AOR00012,AO090026000526,ALG7,Dolichol pathway,dolichol_pathway,liu2014,Liu 2014 Table S1 subsystem,,20.0,False,high
AOR00013,AO090102000146,ALG8,Dolichol pathway,dolichol_pathway,liu2014,Liu 2014 Table S1 subsystem,,20.0,False,high
AOR00014,AO090012000489,ALG9,,dolichol_pathway,liu2014_description,liu2014 description,,20.0,False,medium
AOR00015,AO090005001458,AMS1,,cpy_pathway,liu2014_description,liu2014 description,,120.0,False,medium
AOR00016,AO090023000901,ANP1,,golgi_processing,yeast_scaffold,yeast scaffold,,90.0,False,medium
AOR00017,AO090012000213,ANP1/VAN1,Golgi processing,golgi_processing,liu2014,Liu 2014 Table S1 subsystem,,90.0,False,high
AOR00018,AO090005001357,APL2,,,unassigned,conflicting liu2014 description evidence,cpy_pathway; hdsv,,True,low
AOR00019,AO090206000061,APL3,,,unassigned,,,,False,low
AOR00020,AO090009000481,APL4,,,unassigned,conflicting liu2014 description evidence,cpy_pathway; hdsv,,True,low
AOR00021,AO090673000002,APL5,,alp_pathway,yeast_scaffold,yeast scaffold,,130.0,False,medium
AOR00022,AO090026000703,APL6,,alp_pathway,yeast_scaffold,yeast scaffold,,130.0,False,medium
AOR00023,AO090020000601,APM1,,,unassigned,conflicting liu2014 description evidence,cpy_pathway; hdsv,,True,low
AOR00024,AO090009000223,APM3,,alp_pathway,yeast_scaffold,yeast scaffold,,130.0,False,medium
AOR00025,AO090003000425,APS3,,alp_pathway,yeast_scaffold,yeast scaffold,,130.0,False,medium
AOR00026,AO090003001338,ARC18,,,unassigned,,,,False,low
AOR00027,AO090005000825,ARC35,,,unassigned,,,,False,low
AOR00028,AO090038000254,ARF2/ARF1,COPII,copii,liu2014,Liu 2014 Table S1 subsystem,,70.0,False,high
AOR00029,AO090005000978,ARL3 ,COPI,copi,liu2014,Liu 2014 Table S1 subsystem,,80.0,False,high
AOR00030,AO090012000548,ARP2,,,unassigned,,,,False,low
AOR00031,AO090026000672,ARP3,,,unassigned,,,,False,low
AOR00032,AO090005001206,ATG27,,,unassigned,,,,False,low
AOR00033,AO090012000993,BET1,COPII,copii,liu2014,Liu 2014 Table S1 subsystem,,70.0,False,high
AOR00034,AO090038000605,BET3,,copii,liu2014_description,liu2014 description,,70.0,False,medium
AOR00035,AO090003001153,BET4 ,,,unassigned,,,,False,low
AOR00036,AO090009000664,BET5,,copii,liu2014_description,liu2014 description,,70.0,False,medium
AOR00037,AO090003000749,BIM1,,,unassigned,,,,False,low
AOR00038,AO090003001091,BLM10,,,unassigned,,,,False,low
AOR00039,AO090120000257,BMH1,,,unassigned,,,,False,low
AOR00040,AO090003000053,BMH2,,,unassigned,,,,False,low
AOR00041,AO090005000437,BOS1,COPII,copii,liu2014,Liu 2014 Table S1 subsystem,,70.0,False,high
AOR00042,AO090102000619,BRE5,,,unassigned,,,,False,low
AOR00043,AO090005000419,BST1,,gpi_biosynthesis,yeast_scaffold,yeast scaffold,,50.0,False,medium
AOR00044,AO090012000842,BUD7/FMP50 ,,,unassigned,,,,False,low
AOR00045,AO090012000172,BUG1,,copii,liu2014_description,liu2014 description,,70.0,False,medium
AOR00046,AO090003000198,CCT2,,,unassigned,,,,False,low
AOR00047,AO090020000413,CCT4,,,unassigned,,,,False,low
AOR00048,AO090001000471,CCT7,,,unassigned,,,,False,low
AOR00049,AO090005001642,CDC10,,,unassigned,,,,False,low
AOR00050,AO090120000204,CDC11,,,unassigned,,,,False,low
AOR00051,AO090102000511,CDC12,Septin,septin,liu2014,Liu 2014 Table S1 subsystem,,150.0,False,high
AOR00052,AO090102000107,CDC48,,erad,yeast_scaffold,yeast scaffold,,60.0,False,medium
AOR00053,AO090012001026,CDC50,,,unassigned,,,,False,low
AOR00054,AO090023000802,CHC1,,cpy_pathway,liu2014_description,liu2014 description,,120.0,False,medium
AOR00055,AO090003001230,CLC1,CPY pathway,cpy_pathway,liu2014,Liu 2014 Table S1 subsystem,,120.0,False,high
AOR00056,AO090009000313,CNE1,Folding,folding,liu2014,Liu 2014 Table S1 subsystem,,40.0,False,high
AOR00057,AO090010000480,COF1,,,unassigned,,,,False,low
AOR00058,AO090005001354,COP1,,copi,liu2014_description,liu2014 description,,80.0,False,medium
AOR00059,AO090120000215,CPR1,,folding,current_annotation,current annotation,,40.0,False,medium
AOR00060,AO090023000811,"CPR1, CPR2, CPR5 ",Folding,folding,liu2014,Liu 2014 Table S1 subsystem,,40.0,False,high
AOR00061,AO090120000486,"CPR1, CPR3 ",Folding,folding,liu2014,Liu 2014 Table S1 subsystem,,40.0,False,high
AOR00062,AO090103000002,"CPR4, CPR8",Folding,folding,liu2014,Liu 2014 Table S1 subsystem,,40.0,False,high
AOR00063,AO090011000475,"CPR6, CPR7 ",,folding,liu2014_description,liu2014 description,,40.0,False,medium
AOR00064,AO090701000141,CWH41,,er_glycosylation,liu2014_description+uniprot+kegg_ko,liu2014 description,,30.0,False,
AOR00065,AO090005001276,CWH43,,gpi_biosynthesis,kegg_pathway,,,50.0,False,low
AOR00066,AO090009000300,DCR2,,,unassigned,,,,False,low
AOR00067,AO090005000469,DDI1,,,unassigned,,,,False,low
AOR00068,AO090701000551,DER1,,,unassigned,,,,False,low
AOR00069,AO090701000076,DER1/DFM1,ERAD,erad,liu2014,Liu 2014 Table S1 subsystem,,60.0,False,high
AOR00070,AO090026000548,DIE2,Dolichol pathway,dolichol_pathway,liu2014,Liu 2014 Table S1 subsystem,,20.0,False,high
AOR00071,AO090010000776,DNM1/VPS1,,hdsv,liu2014_description,liu2014 description,,110.0,False,medium
AOR00072,AO090003000271,DOA4 ,,,unassigned,,,,False,low
AOR00073,AO090003000589,DPM1,Dolichol pathway,dolichol_pathway,liu2014,Liu 2014 Table S1 subsystem,,20.0,False,high
AOR00074,AO090011000813,DRS2,,,unassigned,,,,False,low
AOR00075,AO090003000467,DSK2,,erad,yeast_scaffold,yeast scaffold,,60.0,False,medium
AOR00076,AO090166000088,ECM10,,,unassigned,,,,False,low
AOR00077,AO090011000638,ECM10 ,,folding,liu2014_description,liu2014 description,,40.0,False,medium
AOR00078,AO090005001095,ECM3 ,,,unassigned,,,,False,low
AOR00079,AO090038000276,EMP24,COPII,copii,liu2014,Liu 2014 Table S1 subsystem,,70.0,False,high
AOR00080,AO090102000145,EMP47,COPII,copii,liu2014,Liu 2014 Table S1 subsystem,,70.0,False,high
AOR00081,AO090103000412,EMP70,,copii,liu2014_description,liu2014 description,,70.0,False,medium
AOR00082,AO090012000592,END3 ,,cpy_pathway,liu2014_description,liu2014 description,,120.0,False,medium
AOR00083,AO090120000220,ENT3,,,unassigned,,,,False,low
AOR00084,AO090005000648,EPT1 ,,,unassigned,,,,False,low
AOR00085,AO090102000650,ERD2,COPI,copi,liu2014,Liu 2014 Table S1 subsystem,,80.0,False,high
AOR00086,AO090026000646,ERD2 ,,copi,yeast_scaffold,yeast scaffold,,80.0,False,medium
AOR00087,AO090003000036,ERJ5,Folding,folding,liu2014,Liu 2014 Table S1 subsystem,,40.0,False,high
AOR00088,AO090011000874,ERJ5/SCJ1,Folding,folding,liu2014,Liu 2014 Table S1 subsystem,,40.0,False,high
AOR00089,AO090005000630,ERO1,Folding,folding,liu2014,Liu 2014 Table S1 subsystem,,40.0,False,high
AOR00090,AO090023000834,"ERP1, ERP5, ERP6, ERV25",,copii,liu2014_description,liu2014 description,,70.0,False,medium
AOR00091,AO090102000528,"ERP2, ERP3, ERP4",COPII,copii,liu2014,Liu 2014 Table S1 subsystem,,70.0,False,high
AOR00092,AO090005000162,ERV2,Folding,folding,liu2014,Liu 2014 Table S1 subsystem,,40.0,False,high
AOR00093,AO090038000244,ERV29,COPII,copii,liu2014,Liu 2014 Table S1 subsystem,,70.0,False,high
AOR00094,AO090701000797,ERV41,COPII,copii,liu2014,Liu 2014 Table S1 subsystem,,70.0,False,high
AOR00095,AO090003000808,ERV46,COPII,copii,liu2014,Liu 2014 Table S1 subsystem,,70.0,False,high
AOR00096,AO090011000848,ESS1,,folding,liu2014_description,liu2014 description,,40.0,False,medium
AOR00097,AO090026000449,EXO70,LDSV,ldsv,liu2014,Liu 2014 Table S1 subsystem,,100.0,False,high
AOR00098,AO090023000477,EXO84,,ldsv,liu2014_description,liu2014 description,,100.0,False,medium
AOR00099,AO090023000516,FAD1,,folding,liu2014_description,liu2014 description,,40.0,False,medium
AOR00100,AO090103000136,FPR1 ,,folding,liu2014_description,liu2014 description,,40.0,False,medium
AOR00101,AO090005001515,FPR2,Folding,folding,liu2014,Liu 2014 Table S1 subsystem,,40.0,False,high
AOR00102,AO090001000519,"FPR3,FPR4 ",,folding,liu2014_description,liu2014 description,,40.0,False,medium
AOR00103,AO090003000395,GAA1,,gpi_biosynthesis,yeast_scaffold,yeast scaffold,,50.0,False,medium
AOR00104,AO090023000750,GAB1,GPI biosynthesis,gpi_biosynthesis,liu2014,Liu 2014 Table S1 subsystem,,50.0,False,high
AOR00105,AO090010000463,GAL10,,,unassigned,,,,False,low
AOR00106,AO090009000459,GCN4 ,,folding,liu2014_description,liu2014 description,,40.0,False,medium
AOR00107,AO090001000329,GDA1,,,unassigned,,,,False,low
AOR00108,AO090026000537,GDI1,,,unassigned,,,,False,low
AOR00109,AO090120000299,GEA2,,,unassigned,,,,False,low
AOR00110,AO090023000956,GET1,,tc,kegg_pathway,,,10.0,False,low
AOR00111,AO090003000688,GET3,,tc,kegg_pathway,,,10.0,False,low
AOR00112,AO090003000003,GFA1,,,unassigned,,,,False,low
AOR00113,AO090001000466,"GGA1, GGA2",,,unassigned,,,,False,low
AOR00114,AO090010000760,GNT1,,,unassigned,,,,False,low
AOR00115,AO090038000376,GOS1,,snare,liu2014_description,liu2014 description,,140.0,False,medium
AOR00116,AO090012000577,GPA2,,,unassigned,,,,False,low
AOR00117,AO090005001259,GPI1,,gpi_biosynthesis,yeast_scaffold,yeast scaffold,,50.0,False,medium
AOR00118,AO090023000629,GPI10,GPI biosynthesis,gpi_biosynthesis,liu2014,Liu 2014 Table S1 subsystem,,50.0,False,high
AOR00119,AO090701000376,GPI11,,gpi_biosynthesis,kegg_pathway,,,50.0,False,low
AOR00120,AO090120000381,GPI12,,gpi_biosynthesis,yeast_scaffold,yeast scaffold,,50.0,False,medium
AOR00121,AO090701000122,GPI13,,gpi_biosynthesis,yeast_scaffold,yeast scaffold,,50.0,False,medium
AOR00122,AO090010000207,GPI14,,gpi_biosynthesis,yeast_scaffold,yeast scaffold,,50.0,False,medium
AOR00123,AO090001000578,GPI16,,gpi_biosynthesis,yeast_scaffold,yeast scaffold,,50.0,False,medium
AOR00124,AO090005001582,GPI17,GPI biosynthesis,gpi_biosynthesis,liu2014,Liu 2014 Table S1 subsystem,,50.0,False,high
AOR00125,AO090003001092,GPI18,,gpi_biosynthesis,yeast_scaffold,yeast scaffold,,50.0,False,medium
AOR00126,AO090020000206,GPI2,,gpi_biosynthesis,yeast_scaffold,yeast scaffold,,50.0,False,medium
AOR00127,AO090005001186,GPI8,GPI biosynthesis,gpi_biosynthesis,liu2014,Liu 2014 Table S1 subsystem,,50.0,False,high
AOR00128,AO090102000156,GSG1 ,,,unassigned,,,,False,low
AOR00129,AO090005000093,GTB1,,folding,kegg_pathway,,,40.0,False,low
AOR00130,AO090005001245,GWT1,GPI biosynthesis,gpi_biosynthesis,liu2014,Liu 2014 Table S1 subsystem,,50.0,False,high
AOR00131,AO090124000074,HAC1 ,,folding,liu2014_description,liu2014 description,,40.0,False,medium
AOR00132,AO090023000840,HLJ1,ERAD,erad,liu2014,Liu 2014 Table S1 subsystem,,60.0,False,high
AOR00133,AO090120000217,HMG2 ,,,unassigned,,,,False,low
AOR00134,AO090003001503,HOC1,,golgi_processing,yeast_scaffold,yeast scaffold,,90.0,False,medium
AOR00135,AO090010000615,HOC1,,golgi_processing,yeast_scaffold,yeast scaffold,,90.0,False,medium
AOR00136,AO090120000208,HOC1/OCH1,,golgi_processing,liu2014_description,liu2014 description,,90.0,False,medium
AOR00137,AO090005000658,HRD1,ERAD,erad,liu2014,Liu 2014 Table S1 subsystem,,60.0,False,high
AOR00138,AO090003000492,HRD3,,erad,yeast_scaffold,yeast scaffold,,60.0,False,medium
AOR00139,AO090026000593,HRR25,,,unassigned,,,,False,low
AOR00140,AO090102000620,HSC82,,folding,liu2014_description,liu2014 description,,40.0,False,medium
AOR00141,AO090011000764,HSP60 ,,folding,liu2014_description,liu2014 description,,40.0,False,medium
AOR00142,AO090009000400,HUT1,Folding,folding,liu2014,Liu 2014 Table S1 subsystem,,40.0,False,high
AOR00143,AO090020000450,HYP2,Translation,translation,liu2014,Liu 2014 Table S1 subsystem,,170.0,False,high
AOR00144,AO090701000359,INO1 ,,,unassigned,,,,False,low
AOR00145,AO090005000934,IRE1 ,,folding,liu2014_description,liu2014 description,,40.0,False,medium
AOR00146,AO090020000010,JEM1,Folding,folding,liu2014,Liu 2014 Table S1 subsystem,,40.0,False,high
AOR00147,AO090003000257,KAR2,ERAD,folding,curated_liu_composite,Liu 2014 Table S1 subsystem,,40.0,False,
AOR00148,AO090003000735,KES1,,,unassigned,,,,False,low
AOR00149,AO090005001632,KEX1,,golgi_processing,yeast_scaffold,yeast scaffold,,90.0,False,medium
AOR00150,AO090009000291,KEX2,Golgi processing,golgi_processing,liu2014,Liu 2014 Table S1 subsystem,,90.0,False,high
AOR00151,AO090010000465,"KRE2, KTR1, KTR3",,golgi_processing,yeast_scaffold,yeast scaffold,,90.0,False,medium
AOR00152,AO090011000515,KRE5,"beta-1,6 glucan biosynthesis",beta_1_6_glucan_biosynthesis,liu2014,Liu 2014 Table S1 subsystem,,160.0,False,high
AOR00153,AO090102000391,KTR1,,golgi_processing,yeast_scaffold,yeast scaffold,,90.0,False,medium
AOR00154,AO090120000333,KTR5,,,unassigned,,,,False,low
AOR00155,AO090005001222,LHS1,Folding,folding,liu2014,Liu 2014 Table S1 subsystem,,40.0,False,high
AOR00156,AO090026000314,LSB6,,,unassigned,,,,False,low
AOR00157,AO090011000320,MCD4,,gpi_biosynthesis,yeast_scaffold,yeast scaffold,,50.0,False,medium
AOR00158,AO090005000459,MLC1,,,unassigned,,,,False,low
AOR00159,AO090038000608,MNL1,,erad,yeast_scaffold,yeast scaffold,,60.0,False,medium
AOR00160,AO090012000403,MNN10,,golgi_processing,yeast_scaffold,yeast scaffold,,90.0,False,medium
AOR00161,AO090003001140,MNN11,,golgi_processing,yeast_scaffold,yeast scaffold,,90.0,False,medium
AOR00162,AO090003000967,MNN4 ,,,unassigned,,,,False,low
AOR00163,AO090701000814,MNN9,,erad,yeast_scaffold,yeast scaffold,,60.0,False,medium
AOR00164,AO090003000057,MNS1,Folding,folding,liu2014,Liu 2014 Table S1 subsystem,,40.0,False,high
AOR00165,AO090003001225,MNS1 ,,er_glycosylation,liu2014_description+uniprot+kegg_ko,yeast scaffold,,30.0,False,
AOR00166,AO090038000177,MNT2 ,,golgi_processing,kegg_pathway,,,90.0,False,low
AOR00167,AO090003000829,MPD1,Folding,folding,liu2014,Liu 2014 Table S1 subsystem,,40.0,False,high
AOR00168,AO090011000579,MPD1,Folding,folding,liu2014,Liu 2014 Table S1 subsystem,,40.0,False,high
AOR00169,AO090009000361,MRL1,,,unassigned,,,,False,low
AOR00170,AO090102000101,MVP1,,,unassigned,,,,False,low
AOR00171,AO090009000707,MYO2,,,unassigned,,,,False,low
AOR00172,AO090701000790,NCE102 ,,,unassigned,,,,False,low
AOR00173,AO090701000148,NEO1,,,unassigned,,,,False,low
AOR00174,AO090023000762,NMT1,,,unassigned,,,,False,low
AOR00175,AO090005000811,NPL4,,erad,yeast_scaffold,yeast scaffold,,60.0,False,medium
AOR00176,AO090023000485,NYV1,,snare,liu2014_description,liu2014 description,,140.0,False,medium
AOR00177,AO090038000451,OLA1,ERAD,erad,liu2014,Liu 2014 Table S1 subsystem,,60.0,False,high
AOR00178,AO090009000257,ORM1,ERAD,erad,liu2014,Liu 2014 Table S1 subsystem,,60.0,False,high
AOR00179,AO090001000698,"OST1, OST2",Erglycosylation,er_glycosylation,liu2014,Liu 2014 Table S1 subsystem,,30.0,False,high
AOR00180,AO090001000747,"OST3, OST6",Erglycosylation,er_glycosylation,liu2014,Liu 2014 Table S1 subsystem,,30.0,False,high
AOR00181,AO090166000087,OST5,,er_glycosylation,yeast_scaffold,yeast scaffold,,30.0,False,medium
AOR00182,AO090701000218,PBN1,,,unassigned,,,,False,low
AOR00183,AO090001000429,PCM1,,,unassigned,,,,False,low
AOR00184,AO090001000733,PDI1,Folding,folding,liu2014,Liu 2014 Table S1 subsystem,,40.0,False,high
AOR00185,AO090120000344,PDI1,Folding,folding,liu2014,Liu 2014 Table S1 subsystem,,40.0,False,high
AOR00186,AO090010000769,PEP1,,cpy_pathway,current_annotation,current annotation,,120.0,False,medium
AOR00187,AO090003001001,PEP8,,,unassigned,,,,False,low
AOR00188,AO090701000381,PEX4 ,,,unassigned,,,,False,low
AOR00189,AO090001000706,PMR1 ,Golgi processing,golgi_processing,liu2014,Liu 2014 Table S1 subsystem,,90.0,False,high
AOR00190,AO090020000105,"PMT1, PMT5",,er_glycosylation,yeast_scaffold,yeast scaffold,,30.0,False,medium
AOR00191,AO090012001021,"PMT2, PMT3, PMT6",,er_glycosylation,yeast_scaffold,yeast scaffold,,30.0,False,medium
AOR00192,AO090023000336,PMT4,,er_glycosylation,yeast_scaffold,yeast scaffold,,30.0,False,medium
AOR00193,AO090005001528,PNG1,,erad,yeast_scaffold,yeast scaffold,,60.0,False,medium
AOR00194,AO090023000824,PRE1,,,unassigned,,,,False,low
AOR00195,AO090003000095,PRE2,,,unassigned,,,,False,low
AOR00196,AO090005000157,PRE3,ERAD,erad,liu2014,Liu 2014 Table S1 subsystem,,60.0,False,high
AOR00197,AO090003000016,PRE4,,,unassigned,,,,False,low
AOR00198,AO090701000060,PRE5,,,unassigned,,,,False,low
AOR00199,AO090102000273,"PRE6, PRE10",,,unassigned,,,,False,low
AOR00200,AO090003000015,PRE7,,,unassigned,,,,False,low
AOR00201,AO090005000451,PRE8,,,unassigned,,,,False,low
AOR00202,AO090001000574,PRE9,,,unassigned,,,,False,low
AOR00203,AO090003001069,PSA1,,,unassigned,,,,False,low
AOR00204,AO090005001595,PTC2,,,unassigned,,,,False,low
AOR00205,AO090003000295,PUP1,,,unassigned,,,,False,low
AOR00206,AO090026000504,PUP2,,,unassigned,,,,False,low
AOR00207,AO090023000831,PUP3,,,unassigned,,,,False,low
AOR00208,AO090009000655,RAD23,,erad,yeast_scaffold,yeast scaffold,,60.0,False,medium
AOR00209,AO090026000726,RAS2,,,unassigned,,,,False,low
AOR00210,AO090011000535,RER1,COPI,copi,liu2014,Liu 2014 Table S1 subsystem,,80.0,False,high
AOR00211,AO090003001085,RER2,COPII,copii,liu2014,Liu 2014 Table S1 subsystem,,70.0,False,high
AOR00212,AO090005001114,RET2,COPI,copi,liu2014,Liu 2014 Table S1 subsystem,,80.0,False,high
AOR00213,AO090011000777,RET3,COPI,copi,liu2014,Liu 2014 Table S1 subsystem,,80.0,False,high
AOR00214,AO090001000748,RFT1,,dolichol_pathway,liu2014_description,liu2014 description,,20.0,False,medium
AOR00215,AO090003000071,RHO1,,,unassigned,,,,False,low
AOR00216,AO090102000559,ROT2,Folding,folding,liu2014,Liu 2014 Table S1 subsystem,,40.0,False,high
AOR00217,AO090003000947,RPL40A,ERAD,erad,liu2014,Liu 2014 Table S1 subsystem,,60.0,False,high
AOR00218,AO090120000290,RPN1,,,unassigned,,,,False,low
AOR00219,AO090005001381,RPN12,,,unassigned,,,,False,low
AOR00220,AO090023000714,RPN2,,,unassigned,,,,False,low
AOR00221,AO090020000084,RPN3,,,unassigned,,,,False,low
AOR00222,AO090020000338,RPN5,,,unassigned,,,,False,low
AOR00223,AO090001000417,RPN6,,,unassigned,,,,False,low
AOR00224,AO090012001005,RPN8,,,unassigned,,,,False,low
AOR00225,AO090003000397,RPN9,ERAD,erad,liu2014,Liu 2014 Table S1 subsystem,,60.0,False,high
AOR00226,AO090003000679,RPS31,,,unassigned,,,,False,low
AOR00227,AO090003000692,RPT3 ,,,unassigned,,,,False,low
AOR00228,AO090003000056,RPT4,,,unassigned,,,,False,low
AOR00229,AO090001000434,RPT5,,,unassigned,,,,False,low
AOR00230,AO090206000022,RPT6,,,unassigned,,,,False,low
AOR00231,AO090005001643,RUD3,Golgi processing,golgi_processing,liu2014,Liu 2014 Table S1 subsystem,,90.0,False,high
AOR00232,AO090009000668,RVS161,,,unassigned,,,,False,low
AOR00233,AO090003000842,SAR1,COPII,copii,liu2014,Liu 2014 Table S1 subsystem,,70.0,False,high
AOR00234,AO090003000853,"SBH1, SBH2",TC,tc,liu2014,Liu 2014 Table S1 subsystem,,10.0,False,high
AOR00235,AO090038000586,SCJ1,Folding,folding,liu2014,Liu 2014 Table S1 subsystem,,40.0,False,high
AOR00236,AO090003000682,SCL1,,,unassigned,,,,False,low
AOR00237,AO090010000460,SEC1 ,,,unassigned,conflicting liu2014 description evidence,cpy_pathway; ldsv,,True,low
AOR00238,AO090010000771,SEC10,,ldsv,liu2014_description,liu2014 description,,100.0,False,medium
AOR00239,AO090012000838,SEC11,TC,tc,liu2014,Liu 2014 Table S1 subsystem,,10.0,False,high
AOR00240,AO090023000986,SEC13,COPII,copii,liu2014,Liu 2014 Table S1 subsystem,,70.0,False,high
AOR00241,AO090003000509,SEC14 ,,,unassigned,,,,False,low
AOR00242,AO090701000006,SEC15,,ldsv,liu2014_description,liu2014 description,,100.0,False,medium
AOR00243,AO090701000149,SEC16,,copii,liu2014_description,liu2014 description,,70.0,False,medium
AOR00244,AO090026000347,SEC17,,copii,liu2014_description,liu2014 description,,70.0,False,medium
AOR00245,AO090005000718,SEC18 ,COPII,copii,liu2014,Liu 2014 Table S1 subsystem,,70.0,False,high
AOR00246,AO090005001666,SEC20,,snare,liu2014_description,liu2014 description,,140.0,True,medium
AOR00247,AO090026000599,SEC21,COPI,copi,liu2014,Liu 2014 Table S1 subsystem,,80.0,False,high
AOR00248,AO090701000139,SEC22,COPII,copii,liu2014,Liu 2014 Table S1 subsystem,,70.0,False,high
AOR00249,AO090005000760,SEC23,,copii,liu2014_description,liu2014 description,,70.0,False,medium
AOR00250,AO090003000403,SEC24,COPII,copii,liu2014,Liu 2014 Table S1 subsystem,,70.0,False,high
AOR00251,AO090038000308,SEC26,COPI,copi,liu2014,Liu 2014 Table S1 subsystem,,80.0,False,high
AOR00252,AO090011000577,SEC27,COPI,copi,liu2014,Liu 2014 Table S1 subsystem,,80.0,False,high
AOR00253,AO090012000556,SEC28,COPI,copi,liu2014,Liu 2014 Table S1 subsystem,,80.0,False,high
AOR00254,AO090003000913,SEC3,,ldsv,liu2014_description,liu2014 description,,100.0,False,medium
AOR00255,AO090026000337,SEC31,COPII,copii,liu2014,Liu 2014 Table S1 subsystem,,70.0,False,high
AOR00256,AO090206000003,SEC4,,ldsv,liu2014_description,liu2014 description,,100.0,False,medium
AOR00257,AO090012000630,SEC5,,ldsv,liu2014_description,liu2014 description,,100.0,False,medium
AOR00258,AO090003001162,SEC6,,ldsv,liu2014_description,liu2014 description,,100.0,False,medium
AOR00259,AO090701000730,"SEC61, SSH1",TC,tc,liu2014,Liu 2014 Table S1 subsystem,,10.0,False,high
AOR00260,AO090026000361,SEC62,TC,tc,liu2014,Liu 2014 Table S1 subsystem,,10.0,False,high
AOR00261,AO090005001238,SEC63,TC,tc,liu2014,Liu 2014 Table S1 subsystem,,10.0,False,high
AOR00262,AO090005000120,SEC65,,tc,liu2014_description,liu2014 description,,10.0,False,medium
AOR00263,AO090103000044,SEC66/SEC71,TC,tc,liu2014,Liu 2014 Table S1 subsystem,,10.0,False,high
AOR00264,AO090005000435,SEC7,,ldsv,liu2014_description,liu2014 description,,100.0,False,medium
AOR00265,AO090701000291,SEC72,TC,tc,liu2014,Liu 2014 Table S1 subsystem,,10.0,False,high
AOR00266,AO090701000290,SEC72 ,,,unassigned,,,,False,low
AOR00267,AO090701000719,SEC8,,ldsv,liu2014_description,liu2014 description,,100.0,False,medium
AOR00268,AO090020000134,SED5,,snare,liu2014_description,liu2014 description,,140.0,False,medium
AOR00269,AO090001000326,SEY1,,,unassigned,,,,False,low
AOR00270,AO090005001279,SFB3,COPII,copii,liu2014,Liu 2014 Table S1 subsystem,,70.0,False,high
AOR00271,AO090038000454,SGT2,,tc,kegg_pathway,,,10.0,False,low
AOR00272,AO090003001273,SHR3,,folding,liu2014_description,liu2014 description,,40.0,False,medium
AOR00273,AO090003000363,SKN7 ,,folding,liu2014_description,liu2014 description,,40.0,False,medium
AOR00274,AO090020000087,SLA2,,,unassigned,,,,False,low
AOR00275,AO090011000843,SLC1 ,,,unassigned,,,,False,low
AOR00276,AO090009000199,SLT2,,,unassigned,,,,False,low
AOR00277,AO090701000606,SLY1,,,unassigned,,,,False,low
AOR00278,AO090009000654,SMP3,,gpi_biosynthesis,yeast_scaffold,yeast scaffold,,50.0,False,medium
AOR00279,AO090012000430,SNC2,SNARE,snare,liu2014,Liu 2014 Table S1 subsystem,,140.0,False,high
AOR00280,AO090023000164,SNX41 ,,cpy_pathway,liu2014_description,liu2014 description,,120.0,False,medium
AOR00281,AO090005000615,SPC2,TC,tc,liu2014,Liu 2014 Table S1 subsystem,,10.0,False,high
AOR00282,AO090102000523,SPC3,TC,tc,liu2014,Liu 2014 Table S1 subsystem,,10.0,False,high
AOR00283,AO090012000773,SPF1 ,,,unassigned,,,,False,low
AOR00284,AO090005000980,SPT14,,gpi_biosynthesis,yeast_scaffold,yeast scaffold,,50.0,False,medium
AOR00285,AO090701000163,SRP101,,tc,liu2014_description,liu2014 description,,10.0,False,medium
AOR00286,AO090011000933,SRP102,,tc,yeast_scaffold,yeast scaffold,,10.0,False,medium
AOR00287,AO090011000469,SRP14,,tc,liu2014_description,liu2014 description,,10.0,False,medium
AOR00288,AO090120000351,SRP21,,tc,yeast_scaffold,yeast scaffold,,10.0,False,medium
AOR00289,AO090102000593,SRP54,TC,tc,liu2014,Liu 2014 Table S1 subsystem,,10.0,False,high
AOR00290,AO090003000956,SRP68,,tc,yeast_scaffold,yeast scaffold,,10.0,False,medium
AOR00291,AO090003001205,SRP72,,tc,yeast_scaffold,yeast scaffold,,10.0,False,medium
AOR00292,AO090012000995,"SSA1,SSA2,SSA3,SSA4",,folding,liu2014_description,liu2014 description,,40.0,False,medium
AOR00293,AO090011000513,SSB1 ,,folding,liu2014_description,liu2014 description,,40.0,False,medium
AOR00294,AO090103000007,SSB2,,folding,liu2014_description,liu2014 description,,40.0,False,medium
AOR00295,AO090113000129,SSE2,,folding,liu2014_description,liu2014 description,,40.0,False,medium
AOR00296,AO090010000311,"SSO1, SSO2",,snare,liu2014_description,liu2014 description,,140.0,False,medium
AOR00297,AO090005001482,STE13,,golgi_processing,yeast_scaffold,yeast scaffold,,90.0,False,medium
AOR00298,AO090038000562,STI1,,folding,liu2014_description,liu2014 description,,40.0,False,medium
AOR00299,AO090103000069,STT3,Erglycosylation,er_glycosylation,liu2014,Liu 2014 Table S1 subsystem,,30.0,False,high
AOR00300,AO090003000421,STU2,,,unassigned,,,,False,low
AOR00301,AO090020000592,SWA2,,hdsv,liu2014_description,liu2014 description,,110.0,False,medium
AOR00302,AO090023000690,SWP1,Erglycosylation,er_glycosylation,liu2014,Liu 2014 Table S1 subsystem,,30.0,False,high
AOR00303,AO090012000240,SYN8,,snare,kegg_pathway,,,140.0,False,low
AOR00304,AO090038000561,TCB1,,,unassigned,,,,False,low
AOR00305,AO090120000250,TED1,,gpi_biosynthesis,kegg_pathway,,,50.0,False,low
AOR00306,AO090102000487,TLG1,,snare,liu2014_description,liu2014 description,,140.0,False,medium
AOR00307,AO090003001228,TLG2,,snare,liu2014_description,liu2014 description,,140.0,False,medium
AOR00308,AO090023000078,TOR2,,,unassigned,,,,False,low
AOR00309,AO090012000873,TRL1,,folding,liu2014_description,liu2014 description,,40.0,False,medium
AOR00310,AO090701000055,TRS120 ,,,unassigned,,,,False,low
AOR00311,AO090011000833,TRS20,,copii,liu2014_description,liu2014 description,,70.0,False,medium
AOR00312,AO090120000403,TRS31,,copii,liu2014_description,liu2014 description,,70.0,False,medium
AOR00313,AO090701000012,TRS33,,copii,liu2014_description,liu2014 description,,70.0,False,medium
AOR00314,AO090005001065,TRX1,,,unassigned,,,,False,low
AOR00315,AO090009000281,TUB2,,,unassigned,,,,False,low
AOR00316,AO090005000840,TUB3,,,unassigned,,,,False,low
AOR00317,AO090009000287,TVP38,,,unassigned,,,,False,low
AOR00318,AO090012000248,UBA1,,erad,yeast_scaffold,yeast scaffold,,60.0,False,medium
AOR00319,AO090701000588,UBC12 ,ERAD,erad,liu2014,Liu 2014 Table S1 subsystem,,60.0,False,high
AOR00320,AO090102000609,UBC7,ERAD,erad,liu2014,Liu 2014 Table S1 subsystem,,60.0,False,high
AOR00321,AO090103000399,UBC7,HDSV,hdsv,liu2014,Liu 2014 Table S1 subsystem,,110.0,False,high
AOR00322,AO090102000527,UBP15,,,unassigned,,,,False,low
AOR00323,AO090011000379,UBX2/UBX3,ERAD,erad,liu2014,Liu 2014 Table S1 subsystem,,60.0,False,high
AOR00324,AO090005000853,UFD1,,erad,yeast_scaffold,yeast scaffold,,60.0,False,medium
AOR00325,AO090023000839,UFD2,,folding,kegg_pathway,,,40.0,False,low
AOR00326,AO090011000678,UFE1,SNARE,snare,liu2014,Liu 2014 Table S1 subsystem,,140.0,False,high
AOR00327,AO090038000558,UGP1,,,unassigned,,,,False,low
AOR00328,AO090026000428,UIP5,,folding,kegg_pathway,,,40.0,False,low
AOR00329,AO090012000504,USO1,,,unassigned,conflicting liu2014 description evidence,copii; snare,,True,low
AOR00330,AO090113000014,VAC8,,,unassigned,,,,False,low
AOR00331,AO090023000864,"VAM3, PEP12",ALPpathway,alp_pathway,liu2014,Liu 2014 Table S1 subsystem,,130.0,False,high
AOR00332,AO090026000605,VAM7,,snare,liu2014_description,liu2014 description,,140.0,False,medium
AOR00333,AO090011000398,VPS1,HDSV,hdsv,liu2014,Liu 2014 Table S1 subsystem,,110.0,False,high
AOR00334,AO090102000348,VPS1,HDSV,hdsv,liu2014,Liu 2014 Table S1 subsystem,,110.0,False,high
AOR00335,AO090113000006,VPS16 ,,cpy_pathway,liu2014_description,liu2014 description,,120.0,False,medium
AOR00336,AO090701000263,VPS17,,copii,liu2014_description,liu2014 description,,70.0,False,medium
AOR00337,AO090023000765,VPS21/YPT52 ,,,unassigned,,,,False,low
AOR00338,AO090012000925,VPS29,,copii,liu2014_description,liu2014 description,,70.0,False,medium
AOR00339,AO090026000225,VPS33 ,,cpy_pathway,liu2014_description,liu2014 description,,120.0,False,medium
AOR00340,AO090003000586,VPS35,,cpy_pathway,current_annotation,current annotation,,120.0,False,medium
AOR00341,AO090005001298,VPS4 ,,cpy_pathway,liu2014_description,liu2014 description,,120.0,False,medium
AOR00342,AO090003000675,VPS41 ,,cpy_pathway,liu2014_description,liu2014 description,,120.0,False,medium
AOR00343,AO090701000053,VPS45,,cpy_pathway,liu2014_description,liu2014 description,,120.0,False,medium
AOR00344,AO090009000311,VPS5,,copii,liu2014_description,liu2014 description,,70.0,False,medium
AOR00345,AO090003000939,VPS52 ,,cpy_pathway,liu2014_description,liu2014 description,,120.0,False,medium
AOR00346,AO090003000609,VPS70,,,unassigned,,,,False,low
AOR00347,AO090003000972,VPS70,,cpy_pathway,liu2014_description,liu2014 description,,120.0,False,medium
AOR00348,AO090009000688,VRG4,,,unassigned,,,,False,low
AOR00349,AO090012000979,VTC3,,,unassigned,,,,False,low
AOR00350,AO090011000795,VTC4,,,unassigned,,,,True,low
AOR00351,AO090003001144,VTI1,,snare,liu2014_description,liu2014 description,,140.0,False,medium
AOR00352,AO090020000468,WBP1,,er_glycosylation,liu2014_description+uniprot+kegg_ko,liu2014 description,,30.0,False,
AOR00353,AO090003000068,YCK2,,,unassigned,,,,False,low
AOR00354,AO090003000801,YDJ1,,folding,kegg_pathway,conflicting liu2014 description evidence,folding; tc,40.0,True,low
AOR00355,AO090003000506,YET3,,folding,kegg_pathway,,,40.0,False,low
AOR00356,AO090701000164,YIF1,COPII,copii,liu2014,Liu 2014 Table S1 subsystem,,70.0,False,high
AOR00357,AO090003000038,YIP3,COPII,copii,liu2014,Liu 2014 Table S1 subsystem,,70.0,False,high
AOR00358,AO090023000584,YKT6,SNARE,snare,liu2014,Liu 2014 Table S1 subsystem,,140.0,False,high
AOR00359,AO090009000178,YLR057W,,erad,aspergillus_homolog+uniprot+yeast_ortholog+kegg_ko,,,60.0,False,
AOR00360,AO090005000158,YNL320W,putative mitochondria protein,putative_mitochondria_protein,liu2014,Liu 2014 Table S1 subsystem,,180.0,False,high
AOR00361,AO090011000717,YOP1,,,unassigned,,,,False,low
AOR00362,AO090023000334,YOS9,ERAD,erad,liu2014,Liu 2014 Table S1 subsystem,,60.0,False,high
AOR00363,AO090102000638,YPT1,,copii,liu2014_description,liu2014 description,,70.0,False,medium
AOR00364,AO090005000880,"YPT31, YPT32 ",COPI,copi,liu2014,Liu 2014 Table S1 subsystem,,80.0,False,high
AOR00365,AO090003000619,"YPT51,YPT53 ",,,unassigned,,,,False,low
AOR00366,AO090012000273,YPT6,,,unassigned,,,,False,low
AOR00367,AO090120000329,YPT7 ,,,unassigned,,,,False,low
AOR00368,AO090005000965,YTA12,mitochondrial m‐AAA protease,mitochondrial_m_aaa_protease,liu2014,Liu 2014 Table S1 subsystem,,190.0,False,high
AOR00369,AO090011000292,ZUO1,,,unassigned,,,,False,low
