record_id,record_type,source_locus_tag,gene_name,yeast_ortholog,plain_english_function,mapping_status,mapping_method,subsystem,subsystem_source,manual_review_required,candidate_identifiers,issue_type,recommended_action
AOR00018,machinery_component,AO090005001357,,APL2,"CPY pathway, HDSV",exact,direct AO090 locus-tag match,,unassigned,True,Q2UQ81,conflicting subsystem evidence,Review the named evidence; retain unassigned until one interpretation is supported.
AOR00020,machinery_component,AO090009000481,,APL4,"CPY pathway, HDSV",exact,direct AO090 locus-tag match,,unassigned,True,Q2UU30,conflicting subsystem evidence,Review the named evidence; retain unassigned until one interpretation is supported.
AOR00023,machinery_component,AO090020000601,,APM1,"CPY pathway, HDSV",exact,direct AO090 locus-tag match,,unassigned,True,Q2U3V6,conflicting subsystem evidence,Review the named evidence; retain unassigned until one interpretation is supported.
AOR00237,machinery_component,AO090010000460,,SEC1 ,"LDSV; Vacuolar protein sorting , VPS (Golgi to plasma membrane) ",exact,direct AO090 locus-tag match,,unassigned,True,Q2TWR0,conflicting subsystem evidence,Review the named evidence; retain unassigned until one interpretation is supported.
AOR00246,machinery_component,AO090005001666,,SEC20,Qb-SNARE,unresolved,no current locus tag found; try step 2,snare,liu2014_description,True,none found,unresolved current identifier,Review the named evidence; retain unassigned until one interpretation is supported.
AOR00329,machinery_component,AO090012000504,,USO1,"COPII; Vesicular transport of proteins between ER and Golgi, SNARE complex assembly protein ",exact,direct AO090 locus-tag match,,unassigned,True,Q2UCP4,conflicting subsystem evidence,Review the named evidence; retain unassigned until one interpretation is supported.
AOR00350,machinery_component,AO090011000795,,VTC4,VTC subunit,ambiguous,AO090 tag has multiple UniProt candidates; no candidate selected,,unassigned,True,Q2TZM5; Q9Y8E3,ambiguous current identifier,Review the named evidence; retain unassigned until one interpretation is supported.
AOR00354,machinery_component,AO090003000801,,YDJ1,Chaperone for protein translocation,exact,direct AO090 locus-tag match,folding,kegg_pathway,True,Q2UKI0,conflicting subsystem evidence,Review the named evidence; retain unassigned until one interpretation is supported.
AOC02256,secretory_client,AO090663000001,,,Protein of unknown function,unresolved,no current AO090 cross-reference found,,unassigned,False,none found,unresolved current identifier,Review the named evidence; retain unassigned until one interpretation is supported.
